epoch,train_loss,test_loss,train_rmse_Task_0,train_rmse_Task_1,train_rmse_Task_2,test_rmse_Task_0,test_rmse_Task_1,test_rmse_Task_2
1,1.4660059213638306,1.3982499837875366,0.008729912043862854,9.060359124095369,41.8210185453908,0.028327362922049903,13.164438099087208,201.47144322681427
100,0.7229620814323425,0.7427186965942383,0.0012466043393873543,0.7074471418055391,3.9888505203710833,0.02905360000154423,11.380957780254628,105.17045999029031
200,0.6417864561080933,0.718450129032135,0.0007310770138783125,0.3477010771332479,1.880729186945108,0.02776623052043698,9.107607176886768,27.232119682753222
300,0.6062840819358826,0.6751344799995422,0.0005364395199586352,0.24505221962121562,1.2739227257691081,0.025779210041821154,7.453657758992363,12.812465682308584
400,0.5864114761352539,0.6721823811531067,0.0004172902476160832,0.18540150903737504,0.9244881701694893,0.024735187448973815,6.537163156990689,36.54806653798033
500,0.574312150478363,0.693933367729187,0.0003447049165454949,0.1499302329417549,0.7212513998762308,0.024175891059954976,6.053666233469474,49.404383229604406
600,0.5658390522003174,0.718991219997406,0.00030069481214649194,0.12851624386846794,0.6028025396816831,0.02375303390592838,5.716149456749477,57.92770174871879
700,0.5595347285270691,0.7443630695343018,0.0002747522137310774,0.11596480691739033,0.5319288593866772,0.023400551183263705,5.4567448152373,64.02919930771483
800,0.5546647906303406,0.7687749266624451,0.00026143725535461327,0.1090228076323661,0.4943336069157524,0.02309966887877973,5.2512059633096175,68.60109463177346
900,0.5507546067237854,0.7925456166267395,0.00025669356573742284,0.10606367759394111,0.475710588841552,0.022845644540544788,5.087720996798382,72.14212571752594
1000,0.547326922416687,0.8178929090499878,0.0002496003581345808,0.10174957085440502,0.45255575634073153,0.022671288276094315,4.99360539638722,75.04304453013216
1100,0.5445308685302734,0.8361881375312805,0.00023811570671918936,0.09612808800560321,0.4232043859181444,0.022478807928554934,4.892246368112298,77.31155070132272
1200,0.542158305644989,0.8524845242500305,0.00023340241823934709,0.09366184064487494,0.4094937078803364,0.02228620079970876,4.804342731938274,79.10113282661067
1300,0.540075957775116,0.8625588417053223,0.00023350361532382068,0.09310919471717731,0.40346414770110356,0.022100340831785203,4.730243306520135,80.45764108320859
1400,0.5382438898086548,0.8649217486381531,0.00023309646968386373,0.09206851134148195,0.40012855438310774,0.021910051217531024,4.668035451281498,81.35159787424297
1500,0.5365946292877197,0.8491578102111816,0.00023147554552737526,0.09104047208865883,0.39474834098534617,0.021696734620454308,4.625986907871974,81.38227473655533
1600,0.5349972248077393,0.6654156446456909,0.00022790140120036798,0.08867513306676869,0.38824882969529706,0.02113097914346678,4.84004945243497,69.22938805711661
1700,0.533401370048523,0.5282232165336609,0.00020841345180938733,0.08178919151121794,0.3488109999145156,0.01994012964009077,5.2573089556578045,43.326401701604794
1800,0.5320155620574951,0.5163084268569946,0.0001978813355880587,0.07726873019008254,0.3253120804697155,0.019592580314005122,5.253021624511872,40.694830954298936
1900,0.5306882858276367,0.5065048336982727,0.00018735044933451065,0.07253948270560143,0.3049050313486655,0.01930492133796456,5.241486151430515,39.36256871635584
2000,0.5294069051742554,0.4975317120552063,0.0001738614610357163,0.06767862439938528,0.28237440414917087,0.019088466699333353,5.224630432746521,39.4900384660437
2100,0.5281122922897339,0.4889608919620514,0.0001582894466290946,0.06039177830496914,0.25196053534517693,0.018959554082849002,5.219973655821731,41.42358458596826
2200,0.5268898606300354,0.4786219000816345,0.00013963086721964545,0.05307804397890045,0.21524082244066367,0.018872417361073555,5.24469853149715,43.338151026773744
2300,0.5257828831672668,0.4683002829551697,0.00012668792606392804,0.04797100865677277,0.18990791098968685,0.018709907169034628,5.2700112830340275,42.90213982679148
2400,0.5247402191162109,0.4610716700553894,0.00011689939975883119,0.043902960969276456,0.1727488590348464,0.018534515534099114,5.282251834991356,42.04250983636163
2500,0.5237857699394226,0.45595329999923706,0.00011053366537850255,0.04273607224924873,0.16590708724567194,0.01835806008855378,5.2832273476131135,41.084957215751615
2600,0.5228894352912903,0.4490220546722412,0.00010734445590837217,0.039658131149553556,0.1538870029272876,0.018203602581244847,5.280955187805371,40.38705425298005
2700,0.5220780372619629,0.4461013674736023,0.00010441730474382966,0.038281582605564114,0.14967595298468994,0.018046754803286016,5.270366247970586,39.67964406999039
2800,0.5212327837944031,0.4382094740867615,0.00010138021846993762,0.038018588386806,0.1447856217454255,0.017894079814207563,5.261931810496505,38.81909290465825
2900,0.5204867720603943,0.4327225685119629,0.00010102394062729727,0.03788635615882284,0.14263911920763003,0.01774908238368685,5.249888833044928,38.03108860804676
3000,0.5197852849960327,0.42825594544410706,0.00010080716055784763,0.03740406219511322,0.139367567459774,0.01760424323131213,5.234533033150008,37.29373155040315
3100,0.5191020965576172,0.42526674270629883,9.838593447950276e-05,0.036149340633794304,0.13523220471339656,0.01746279978882061,5.215788538437178,36.54796225402913
3200,0.5184929966926575,0.42254430055618286,9.931820177683486e-05,0.03653352223308254,0.1360136836728522,0.017326253725471665,5.1966972070089925,36.019051434182984
3300,0.5178971290588379,0.41680821776390076,9.811941451108443e-05,0.03601131987166441,0.13256902415642288,0.017191367888739758,5.178646899597829,35.16458349933771
3400,0.5173088312149048,0.41377583146095276,9.808699178236937e-05,0.03532220325082932,0.13144043442420336,0.017056076176324916,5.156210142752114,34.51379950185162
3500,0.5167693495750427,0.40997257828712463,9.738820805262966e-05,0.03498975062357155,0.13043636441279124,0.01691921093482359,5.135109923552506,33.70905763107197
3600,0.5162414908409119,0.4068237841129303,9.418230283754217e-05,0.0354770315564654,0.12630452985947307,0.016749301927883715,5.107604539249884,32.59933734499734
3700,0.5157111883163452,0.4045528471469879,9.681539451071244e-05,0.034260542898925925,0.1257858270776595,0.01662900022958976,5.085047945247637,32.21094914939806
3800,0.5153070092201233,0.400185763835907,9.579993314327498e-05,0.03365247023719495,0.12511309335587975,0.016523539273136188,5.062801955391867,31.708908827645388
3900,0.5148747563362122,0.39572373032569885,9.579069014114356e-05,0.033970669227954414,0.1262456424790104,0.0163939952873136,5.036916968454839,30.916281275863867
4000,0.5144261717796326,0.3943900167942047,9.62901030174239e-05,0.0341834805875355,0.12540073159957152,0.016266381386387915,5.007026442801813,30.34195479526855
4100,0.5140489339828491,0.39024901390075684,9.415774087393593e-05,0.033387678796098094,0.12345839305409127,0.01613487506940484,4.982808707340722,29.614574235623422
4200,0.5136534571647644,0.38826149702072144,9.60681312252789e-05,0.03342780294212119,0.123976750999897,0.01602284394952274,4.9569156445976486,29.07254101858416
4300,0.5132787823677063,0.38711991906166077,9.722280533849629e-05,0.03528564166461419,0.12279062660119917,0.015890961622611985,4.924945062135978,28.407678687685575
4400,0.5129366517066956,0.3816886842250824,9.628765934564034e-05,0.03358117406817601,0.12399258286312269,0.015778694431204634,4.899768644336212,27.728998733252524
4500,0.512597918510437,0.3801347315311432,9.399264226909396e-05,0.03263638437142883,0.12065941592884057,0.01563715218389947,4.872415226599509,26.913168002328206
4600,0.5122699737548828,0.37752556800842285,9.420772906378508e-05,0.032638669779400484,0.1210157356575607,0.015515402239223697,4.8438071563183795,26.190393317194577
4700,0.5119978785514832,0.3748738765716553,9.367228530937126e-05,0.032737430863646784,0.11907142362598962,0.015406310179185758,4.813748409640999,25.697164989318594
4800,0.511684775352478,0.37257295846939087,9.417811736881671e-05,0.03262921664158848,0.11856563225396541,0.015280860727868887,4.784257428307508,24.97706692559916
4900,0.5113921165466309,0.37090644240379333,9.384292589131673e-05,0.03189958125994698,0.11730252546343953,0.01516475333234766,4.7572667293348765,24.411761006782967
5000,0.5110256671905518,0.36775097250938416,9.24277280163451e-05,0.032545093063387494,0.1193255891173709,0.015017452852567538,4.720327620471934,23.638982167047203
5100,0.5108786821365356,0.3645724654197693,9.686413160593184e-05,0.03345374722020289,0.11938980433524088,0.01494326772174491,4.699096617383396,23.225044403403047
5200,0.5106151103973389,0.36267179250717163,9.497930449752355e-05,0.03254190832920513,0.11716586093842925,0.014816651628603378,4.666854016530317,22.55098770414
5300,0.5103470683097839,0.36044472455978394,9.28092782804722e-05,0.03180615583336432,0.11596203675785483,0.014710478700698358,4.639235992325959,22.106008084354244
5400,0.5101518630981445,0.35877108573913574,9.44129132644318e-05,0.03262266232613169,0.11631916087792847,0.014588094327824519,4.608436981456118,21.437061298700172
5500,0.5099145174026489,0.35525259375572205,9.481947564650916e-05,0.03385189572458679,0.11775715356881299,0.01448545097536569,4.583893993624961,20.804735560577143
5600,0.5096714496612549,0.3521973490715027,9.240496991663647e-05,0.03175605172003873,0.11638581828874063,0.014388361259440017,4.5506279289585105,20.621908413458698
5700,0.5094895362854004,0.3502727150917053,9.376828343616876e-05,0.031937842672020295,0.11454120528390797,0.014275753015344275,4.525134847120938,19.81819200153251
5800,0.5093729496002197,0.3520590364933014,9.250310660285728e-05,0.03110147926198377,0.1129595716010217,0.014144393093016851,4.486775233750031,19.118811682785548
5900,0.5091233849525452,0.3446236550807953,9.500495383733228e-05,0.03169558008791369,0.11363542947363646,0.014094012461523725,4.471482260249999,18.65493928717339
6000,0.5089525580406189,0.3458476960659027,9.292958542900599e-05,0.031197889848443884,0.11384250131420649,0.013959574262691787,4.435062934967023,18.307013264641085
6100,0.5087993144989014,0.34189462661743164,9.319560349990584e-05,0.030926315822358042,0.11293198057611313,0.013873639909968212,4.415759650399651,17.61385522164929
6200,0.5086066126823425,0.34031620621681213,9.437538228746604e-05,0.032719545214450044,0.11368743102440172,0.013743786405011617,4.381660547346276,16.771710173704577
6300,0.5085754990577698,0.33729034662246704,9.967465007992988e-05,0.02852429534735352,0.121575959889144,0.013642818083035078,4.3522692181036104,16.062666208812743
6400,0.5082933902740479,0.3350740373134613,9.367151153815545e-05,0.031182285965198498,0.11128730608165574,0.013593134712265188,4.336123835676183,16.25053374690603
6500,0.5081301331520081,0.3333984911441803,9.428947790216237e-05,0.031276481263813896,0.11199899339964677,0.013496793151928688,4.306136539631807,15.624864801001479
6600,0.5080136656761169,0.330730676651001,9.211528763516579e-05,0.031185953904117755,0.1107806034294998,0.013399790006155066,4.2794675636520125,15.270612218762835
6700,0.5078674554824829,0.32798856496810913,9.398844995810006e-05,0.03041235769337116,0.11048439353270867,0.01332474542368029,4.258296232229997,14.81025071617455
6800,0.5077492594718933,0.3286353051662445,9.449945363640993e-05,0.03033183832954551,0.10994468412956372,0.013237007801068974,4.2270559148363365,14.06927848155587
6900,0.5075951814651489,0.32570797204971313,9.367784946313002e-05,0.03077239614126104,0.11037024031023822,0.013132181335427729,4.200463590198316,13.640932151987073
7000,0.507482647895813,0.3229750096797943,9.26333538443283e-05,0.029786439967483622,0.10786040477311751,0.013061573892897105,4.182369563561299,13.588581608482855
7100,0.5073328018188477,0.3190746307373047,9.448630252936937e-05,0.030050174141548647,0.10957249599028883,0.012977317890087488,4.161399135633882,12.9019586930998
7200,0.5072377324104309,0.31956204771995544,9.27660335731812e-05,0.02949110469594829,0.10768043051515093,0.012890937862061917,4.1302422475922045,12.67635774532934
7300,0.5071209669113159,0.3172803521156311,9.247057632943242e-05,0.030844829464437437,0.10908894112869474,0.012796990881625187,4.11084636215392,11.91939530485945
7400,0.5070120096206665,0.31399717926979065,9.2903711126941e-05,0.030553620095923866,0.10853744314985621,0.012748897319453096,4.086276811858331,11.9281203954435
7500,0.5068985819816589,0.3114932179450989,9.423742378923569e-05,0.031391553093849604,0.10909709801409355,0.012698872869220426,4.072742326711299,11.629277352611041
7600,0.5068034529685974,0.3091525137424469,9.083067512095336e-05,0.029971075318925136,0.10676248346698189,0.012605998068231703,4.054558225595109,10.9072326551358
7700,0.5066756010055542,0.30834197998046875,9.296554354597314e-05,0.029936261072691595,0.10642316386107938,0.012545263933301482,4.034422347259049,10.865762403873845
7800,0.5065932869911194,0.3050086498260498,9.42532564693414e-05,0.028970369412993833,0.10613683876602846,0.012501623350594628,4.02286139744644,10.711682865970516
7900,0.5065075755119324,0.30314797163009644,9.309656384388245e-05,0.029158774147118535,0.10538180990081372,0.012450807629303114,4.006931001290622,10.529411899925151
8000,0.5063948035240173,0.3015652298927307,9.067138053840046e-05,0.029837447448507016,0.10566459107270298,0.012395976473183926,3.9936224621927074,10.027528004099281
8100,0.5063122510910034,0.29943394660949707,9.224341990714644e-05,0.030429001129285555,0.10666255531880248,0.012440076432609581,4.004650428059463,10.259020995112735
8200,0.5062094926834106,0.30308064818382263,9.070365239964929e-05,0.02944330287541713,0.1053322453435381,0.013206525437259834,4.279485786712846,12.792981964092036
8300,0.5060779452323914,0.32227858901023865,9.038204244289111e-05,0.02966753136794862,0.10577517086744367,0.01658282209784993,5.3954130235276425,24.6362148310902
8400,0.5059434771537781,0.3227755129337311,8.838373501591479e-05,0.029746261040094178,0.10376854531567423,0.01684199653907493,5.489243988169796,25.534030128319074
8500,0.5058547258377075,0.3227198123931885,9.063080857551429e-05,0.029932444864589087,0.10503370499811876,0.01711434491075999,5.580193899453919,26.124746569911906
8600,0.5057910084724426,0.3234484791755676,9.02217541717583e-05,0.02934193346186231,0.10366952074968849,0.01745884043369934,5.704938217422387,26.935450006568715
8700,0.5057136416435242,0.3250299096107483,9.240293574565871e-05,0.0309824604725404,0.10496227716032228,0.017635336078441033,5.763362053570429,27.857128947964696
8800,0.5055456757545471,0.32266440987586975,0.00010316186826581066,0.03027663148079458,0.10852829458326169,0.018084615367810183,5.9011897391109605,28.238669164101594
8900,0.5055343508720398,0.323124498128891,9.345113133531451e-05,0.030640937243463985,0.10566366543172653,0.018398243452387258,6.024939453565692,29.830129162761267
9000,0.5054080486297607,0.3239288330078125,9.549482560398942e-05,0.03437859001838297,0.10533667369101439,0.01857039541876409,6.076829114163041,29.93703759340349
9100,0.5052826404571533,0.3220437169075012,9.192724542925442e-05,0.03277450819826454,0.10549786643927488,0.018692522421057935,6.130814487493538,30.749705044474638
9200,0.5051495432853699,0.3215723931789398,9.153810912603844e-05,0.030048852969044353,0.10164822391641155,0.01898087395265116,6.235242702735378,31.305660168999566
9300,0.5052015781402588,0.3227372169494629,9.713863996914021e-05,0.03402556568084599,0.11108242963184083,0.019183407868040122,6.292114350205976,31.944816505926468
9400,0.5050604343414307,0.32027149200439453,9.357736966952752e-05,0.030059153618095448,0.10878098682598038,0.019403294498642646,6.375483271015263,32.7908722020413
9500,0.5050610303878784,0.3225228190422058,9.283631348482369e-05,0.032107012463631006,0.10686948754823766,0.019699955307131065,6.464077581894773,33.59530122096737
9600,0.504971444606781,0.32096928358078003,9.260439062775606e-05,0.029479340081534307,0.10435548549495717,0.019757997245183016,6.491923936771463,33.68190904244196
9700,0.5049235224723816,0.31927791237831116,8.87364913245782e-05,0.030170817528625802,0.10393084917647752,0.019920085608451515,6.561429995478341,33.94254939781683
9800,0.5048776268959045,0.3204399049282074,9.32553049899856e-05,0.03362510485141564,0.10762554133788967,0.020074068211696543,6.616123080539072,34.30669157476129
9900,0.5047114491462708,0.31857985258102417,9.186747577962407e-05,0.031852695512796236,0.10731787359734563,0.02030070783654302,6.69255502161631,34.904516705694476
10000,0.5045558214187622,0.318819135427475,8.944506712863763e-05,0.03088021112551151,0.10488803678626243,0.0204830903284091,6.745039623937445,36.39735884783258
10100,0.50474613904953,0.32620200514793396,8.876125405770525e-05,0.030987822681587847,0.10573265946557496,0.021130277288772127,6.963081299940923,37.392488452192964
10200,0.5045759081840515,0.31831732392311096,8.918983685856234e-05,0.029917801017578616,0.10229745945597936,0.020933021462350168,6.911683872626491,37.048281890586935
10300,0.5045350193977356,0.31650716066360474,8.969643237328365e-05,0.02914883128329079,0.10406665645084713,0.02103242905234947,6.950587419122663,37.14135531703616
10400,0.504477322101593,0.31728506088256836,8.986997899071275e-05,0.02859214189020958,0.10145069655442561,0.021179672973077584,7.004837873861578,37.642717793106016
10500,0.5044142603874207,0.3151363432407379,8.938765591056705e-05,0.028839892007710057,0.10130890396937518,0.021249472734181787,7.031245885270439,37.66100224588371
10600,0.5043764114379883,0.3125740885734558,8.860050818749743e-05,0.029402062582383513,0.10274459456551119,0.021406986807553825,7.086690169979639,38.11404649122923
10700,0.5043107867240906,0.31242847442626953,9.196093663340263e-05,0.02930997049869313,0.10122220100864135,0.021540344076386164,7.132567317045245,38.66824616924225
10800,0.5042327046394348,0.31378450989723206,8.924238120569514e-05,0.029538108693601826,0.10100724988409239,0.021702402625412776,7.187896260258469,39.129302898171915
10900,0.504206120967865,0.3130771517753601,8.978054494570172e-05,0.029477203960071925,0.10294754549521368,0.021892901384531763,7.256438134938756,39.49937187967643
11000,0.5041712522506714,0.3111795485019684,8.852260200435591e-05,0.029494552360875458,0.10222927014601567,0.0219972230589166,7.296039658748686,39.612120211586074
11100,0.5040818452835083,0.3107304573059082,8.94699765517161e-05,0.028798075241776987,0.1006743860526969,0.02205664155324433,7.314387709256978,39.912318945784165
11200,0.504066526889801,0.3118564486503601,8.95521378476145e-05,0.029061963647289572,0.10060737366057136,0.02223821506418964,7.377306446366653,40.65735825449977
11300,0.504020094871521,0.31070584058761597,8.653657057631746e-05,0.028845471373229726,0.10022195635574596,0.022335076971254576,7.41540832589874,40.74241919736485
11400,0.5039663910865784,0.30786052346229553,8.913286011987005e-05,0.029489000740516795,0.1006449236252435,0.02240826788725275,7.4442464768372005,40.851760920201826
11500,0.5039443969726562,0.3087226450443268,8.714678757588379e-05,0.02881619366574003,0.09999001323596225,0.022414304092083993,7.44819495655794,40.90605809746185
11600,0.5038965344429016,0.3074415326118469,8.734834979086861e-05,0.029185773144118094,0.10151713191499147,0.02266731877995946,7.534332135881995,41.53827955163368
11700,0.5038471221923828,0.30568400025367737,8.612437078044703e-05,0.029671513719062223,0.1020603573653386,0.022746057538775108,7.565044616520899,41.69884207517018
11800,0.503784716129303,0.30546823143959045,8.86250892491192e-05,0.028293739403397255,0.09889948974584854,0.022765692668514702,7.578114429053172,41.865505209852046
11900,0.5037413239479065,0.3041312098503113,8.818824631520492e-05,0.029907406848944273,0.10176871510455071,0.022825663443843916,7.595517881932766,42.04777617589741
12000,0.503714919090271,0.3028624653816223,8.827330869690282e-05,0.02935718362862263,0.10098187481168769,0.02295662006947687,7.639533472198136,42.36344369619073
12100,0.5036935806274414,0.3013431429862976,8.748272599359632e-05,0.02881980769204272,0.09954934984161481,0.02295954449143963,7.643268531962015,42.42559693110809
12200,0.5036255121231079,0.2987566590309143,8.605981585905586e-05,0.02905357232879327,0.1011588925470127,0.02297601901624386,7.655644300764334,42.15355486373494
12300,0.5036433339118958,0.2992632985115051,9.158019129029048e-05,0.028496350936107463,0.09993363185187774,0.022991953528941435,7.659748199328731,42.33029878036652
12400,0.5035666823387146,0.2973533272743225,8.863388167039811e-05,0.029050850862243432,0.09954041480135911,0.02302282331735362,7.671096224016888,42.20345473438587
12500,0.5035480856895447,0.2956627905368805,8.821889379841186e-05,0.02828769466671371,0.09869208750087476,0.023061224109510992,7.694915699793464,42.28592595912937
12600,0.5035218596458435,0.29227304458618164,8.772377389001959e-05,0.028272833081369117,0.09812843554386076,0.022957281185237922,7.65765312931328,42.111858663912045
12700,0.5034854412078857,0.2941507399082184,8.601087688912339e-05,0.0286204463702996,0.09831610483107689,0.022998855076490212,7.671777164349815,42.27096121213165
12800,0.5034682750701904,0.2884456515312195,8.713581864844578e-05,0.028691487289310532,0.09895956630683655,0.022945844917119648,7.654902415525091,42.05535414301821
12900,0.5034046173095703,0.28556275367736816,8.813322462338683e-05,0.02834184163110456,0.09824722096162089,0.02286914674554252,7.634709618585204,41.685684916659966
13000,0.5033903121948242,0.28261876106262207,8.977307344465175e-05,0.03141574347378206,0.10160729396405896,0.02276425144967418,7.609622734645039,41.214373599195284
13100,0.5033689737319946,0.2799617350101471,8.694831759337752e-05,0.02919977425316653,0.09678403232174133,0.022666948346116572,7.56553264380652,41.06743751194941
13200,0.5033192038536072,0.27694272994995117,8.634445348116532e-05,0.029296728001232442,0.09891245841175463,0.02251059217935043,7.526612043460406,40.32005181433172
13300,0.5033290386199951,0.2758661210536957,8.477242030406952e-05,0.029964653946159357,0.09828413501774406,0.022615524392103792,7.560128695676164,40.47771176789303
13400,0.503274142742157,0.27079057693481445,9.078543526731764e-05,0.0311862377026624,0.09939660286526181,0.022293554270304793,7.4547535871106385,39.61898557170696
13500,0.5032747983932495,0.2712782323360443,8.375536325888452e-05,0.028108959625301935,0.09517881383515348,0.0221148685341765,7.395534349901899,39.07933350488685
13600,0.5032389163970947,0.2624147832393646,8.387793224257542e-05,0.028152393136800347,0.09528210706408152,0.0218192311778089,7.298303389919892,38.205155903264114
13700,0.5032156109809875,0.259129136800766,8.814625217418463e-05,0.02918870139676258,0.09773350487545707,0.021721441651659547,7.27396445949822,37.656796126518486
13800,0.5031619668006897,0.25646334886550903,8.51456557740463e-05,0.027687246660331028,0.09498859024931244,0.021489946204178406,7.192519091258821,36.86847897805339
13900,0.5031366348266602,0.2526344358921051,8.605209191275194e-05,0.028239503946416968,0.09722109262547544,0.021395165578707794,7.166993152485517,36.513479027497795
14000,0.5030967593193054,0.2517940104007721,8.561009310466977e-05,0.027418376586999714,0.0951740915744709,0.021354232472923618,7.155874344250974,36.42827903936444
14100,0.5030692219734192,0.24902939796447754,8.354882928911861e-05,0.027621780277946647,0.09417905970714116,0.02126542908998065,7.123884827045543,36.33649178164674
14200,0.5031048655509949,0.24556855857372284,8.730567739755632e-05,0.02731578413543801,0.09470082367978461,0.02113921709134128,7.081401774290579,35.86005316991455
14300,0.5029198527336121,0.2521665692329407,8.681103426984996e-05,0.033428813369938186,0.09834042813748979,0.021990419956934865,7.385922926346764,39.42993614883338
14400,0.5032588839530945,0.25983723998069763,9.606969873644032e-05,0.038807297607927504,0.11769631069349185,0.02284533842274917,7.576117755513228,44.74554985155905
14500,0.5031639933586121,0.2490081787109375,9.916144327856265e-05,0.034867325116774296,0.09718727194095761,0.021978303521996034,7.353772133632841,38.81035043341569
14600,0.5028485059738159,0.24393300712108612,9.127289094898745e-05,0.0329504272309509,0.10201543575200653,0.021499267135463445,7.2116906651948565,36.84518889561792
14700,0.5028907060623169,0.23956771194934845,9.303638701804854e-05,0.02968479306355795,0.09942134709425263,0.021223605007568917,7.1435502593335265,35.78721082999883
14800,0.5028561949729919,0.23801127076148987,9.83648715341387e-05,0.03376133002231523,0.1006838645928275,0.021212178080055814,7.122019380893171,36.033181909571056
14900,0.5027603507041931,0.23432675004005432,9.465579482858078e-05,0.02865368539541683,0.09562528213687195,0.02100809383958997,7.067522622166422,35.27569804934515
15000,0.5028437376022339,0.2341444045305252,8.457646295929342e-05,0.02783312826673211,0.09472951422006205,0.021085584920337557,7.083940328485971,35.340753854237676
15100,0.502853274345398,0.23292799293994904,8.4288493844091e-05,0.027788139964595032,0.09707940897894977,0.02113605913440649,7.1018568491996525,35.348766337821814
15200,0.5029049515724182,0.23293395340442657,8.608553806319636e-05,0.03158479627341484,0.09855555655409148,0.021264076822668218,7.1398331961112715,35.728081829666394
15300,0.502841591835022,0.23079943656921387,8.836458158301884e-05,0.033170975403406494,0.1002872614224724,0.0211623328651834,7.110623080235151,35.7034534365238
15400,0.5028031468391418,0.22881083190441132,8.927261772658005e-05,0.02910659059324086,0.09658977136150004,0.021163477144351114,7.111140317005483,35.52533644786806
15500,0.5026691555976868,0.22721156477928162,8.858893595272607e-05,0.030326749072153318,0.09373765189235674,0.021062604699475178,7.076335971932651,35.16049904458225
15600,0.5028048157691956,0.22403931617736816,8.749712538141682e-05,0.03092110328181736,0.09958889344822962,0.02090641492207966,7.032718446876963,34.51100121582766
15700,0.5027952194213867,0.22448253631591797,9.16782126403645e-05,0.030845796227747718,0.09930337522105323,0.021071187420356813,7.083164945218721,35.221957053158235
15800,0.5027645230293274,0.22276654839515686,8.506896377264502e-05,0.028104333272932058,0.09425143211261051,0.020968940279318556,7.048354022500847,34.73646311832985
15900,0.5027821063995361,0.22214356064796448,8.899935799359478e-05,0.028408002686771724,0.09604125396002272,0.02093635026594829,7.043773583461718,34.510323370144846
16000,0.5026515126228333,0.2224835455417633,8.17444890797902e-05,0.02913948986257933,0.09403702289577674,0.021136157385799874,7.11001238128425,35.15354678116867
16100,0.5026882290840149,0.21767763793468475,8.20140711800163e-05,0.029106358662927965,0.09455125711072807,0.0209655722068184,7.049514307979692,34.985823426316216
16200,0.5026375651359558,0.2154746949672699,8.51604632708115e-05,0.03198979946383342,0.09435370546966161,0.020675765643594787,6.964424575711263,33.57948482170147
16300,0.5026198625564575,0.2149231880903244,8.369463017273508e-05,0.028215344936255504,0.09896834693598436,0.020648938917983455,6.959352976440343,33.28540407930731
16400,0.5026581287384033,0.21221418678760529,9.54988666863961e-05,0.0341220100028913,0.09404558328971489,0.020682071726892022,6.979883390450564,33.827958716102586
16500,0.5026751756668091,0.21361513435840607,8.885743271564579e-05,0.029992825675589307,0.09859849876396906,0.020774455111442942,6.9928220036744095,34.38591261635895
16600,0.5026268362998962,0.2078777253627777,9.901666094913235e-05,0.030933840999514364,0.09988397243685782,0.020478452197270736,6.9014313529153,33.10019578196972
16700,0.5025669932365417,0.2083829939365387,8.920735403697324e-05,0.02923971294748284,0.09384962468488371,0.020468253941731768,6.9000061384056375,33.033054298053145
16800,0.5024943947792053,0.20568886399269104,8.538590222902625e-05,0.03497044252170753,0.10525391760820979,0.0202521727851387,6.836133987294592,31.928374402953352
16900,0.5025522708892822,0.20563383400440216,8.035831075073662e-05,0.0323394896735126,0.10367954120900033,0.020341497654991512,6.858470941318372,32.651774791794224
17000,0.5025107264518738,0.20086431503295898,0.00010428280591540666,0.027183104675428147,0.10074558527341705,0.019939950398658146,6.750936185586789,30.196096308851764
17100,0.5025758743286133,0.19996285438537598,9.538607451276621e-05,0.029214037538862835,0.09323252104813473,0.01977650325123901,6.707760711420906,29.68621731010029
17200,0.5062504410743713,0.2629006505012512,0.00011486062977847684,0.04291473289094801,0.16439295737284307,0.021853836829238565,7.866175916565088,0.9728124466372208
17300,0.503825306892395,0.23975124955177307,8.727079071102122e-05,0.030734256596079923,0.11466451672465133,0.021817831998319097,7.666157248942945,13.578361781264903
17400,0.5034193992614746,0.22935613989830017,7.696587337127982e-05,0.02802241980291258,0.09578406586942767,0.021688350425976794,7.524089243610372,20.292075656460213
17500,0.5031652450561523,0.2234518975019455,7.739244510446005e-05,0.027290849195620605,0.09884813385395406,0.02162023759717024,7.437141795605837,24.25679505529442
17600,0.5030297040939331,0.21766433119773865,8.132824837085777e-05,0.029088198103303077,0.08979649166995719,0.021541474920376474,7.361788907726507,26.880631409552677
17700,0.502902090549469,0.21304817497730255,8.58159266928227e-05,0.030555964329637992,0.09336097467802758,0.021445349103638045,7.317616638566137,28.833244111888945
17800,0.5027676820755005,0.20972700417041779,8.992761246903383e-05,0.02981338282776365,0.09116275721691809,0.021380222716780906,7.276678858332355,30.201988352094787
17900,0.5026842355728149,0.20739039778709412,9.398770211160234e-05,0.03350790719952996,0.0933116333143621,0.021347358129294065,7.237261574734041,31.329019774069195
18000,0.5027586817741394,0.20568060874938965,8.573179991430481e-05,0.029165644589129916,0.0844021045438296,0.021347319183512726,7.198205643098611,32.23085000341942
18100,0.502595067024231,0.2034275084733963,9.183068536951676e-05,0.030532616984665223,0.09250873024866214,0.021289032235939438,7.181656855481398,32.96198478530789
18200,0.5026600956916809,0.20156212151050568,7.958766341176386e-05,0.025596738444667845,0.08541001028363479,0.021248881939414595,7.161097781679182,33.642906844691794
18300,0.5025104284286499,0.20006847381591797,8.617058164558133e-05,0.027088767293476545,0.08473331060880934,0.021241125235767416,7.144792501687789,34.06923701787068
18400,0.5026565790176392,0.19904565811157227,8.647778157206602e-05,0.025183832186233827,0.08347437378453755,0.021223519075678002,7.125006196688479,34.38377479535927
18500,0.502562403678894,0.1978951394557953,7.669742336476557e-05,0.026201803148849505,0.08145380651708227,0.02118157907885949,7.12264172176425,34.7094361943096
18600,0.5025399327278137,0.1961689442396164,7.218378609619188e-05,0.027610690575538752,0.08671720385482021,0.02117158745365005,7.125488175530145,34.93731400834801
18700,0.5024518966674805,0.19486980140209198,8.645215677676078e-05,0.0272175396093647,0.08557626507724511,0.02114935557798917,7.116589597113619,35.14916685521811
18800,0.5025197267532349,0.19390735030174255,8.65090127280978e-05,0.02703936488748272,0.085949770561955,0.021136684114704388,7.099814505926631,35.254876020421506
18900,0.5024296641349792,0.193095400929451,9.155693840377012e-05,0.027052976769819312,0.08608087248345636,0.021109847512517297,7.09133472939976,35.316177603070685
19000,0.5024912357330322,0.19194726645946503,8.821493766542924e-05,0.02918333697800114,0.0902294823046894,0.02111670363455676,7.087946513681524,35.41500402749463
19100,0.5025304555892944,0.19048070907592773,9.203030787021806e-05,0.025694001411969085,0.09046467815823411,0.02107489498931098,7.089360539828163,35.496936451823615
19200,0.5025377869606018,0.18942709267139435,8.650259770135243e-05,0.026174910740643216,0.09163557679552499,0.021037354937498268,7.0646381434575165,35.59063558198005
19300,0.5024557113647461,0.18756790459156036,8.798008751993145e-05,0.02709263873305827,0.0867058483414632,0.02098576806790195,7.067268591620123,35.57798246256735
19400,0.5025188326835632,0.18676552176475525,9.898785608941441e-05,0.030801186786532556,0.09409872654043946,0.02096934658571877,7.0541738300565395,35.616341575951736
19500,0.502457320690155,0.18571719527244568,8.923066051392964e-05,0.03065592931436419,0.09204562550546969,0.020905653240817803,7.037080635768641,35.61267425700106
19600,0.5024226307868958,0.18583717942237854,0.00010426247430745805,0.034425832969426834,0.0968751541295485,0.0208888122147362,7.025090365466945,35.536790301841904
19700,0.5025798678398132,0.1840483695268631,9.637571660197008e-05,0.03532601079816018,0.09646136963613079,0.02087164371024923,7.0117307609040775,35.386204276303914
19800,0.502541184425354,0.18284454941749573,9.474944104998918e-05,0.03572215057241997,0.09567585847984582,0.02083760924446582,6.994754267693923,35.25849119739655
19900,0.5024071335792542,0.18150386214256287,9.179859403176005e-05,0.03810866353908391,0.09584603255201662,0.020782987085918532,6.992769386302155,35.061203342377866
20000,0.5026061534881592,0.18218760192394257,0.00010439885582709441,0.03687807575716791,0.10096016531294896,0.02074900529337167,6.9774894902029585,34.87735073640593
20100,0.5025669932365417,0.1806984841823578,8.978612502847292e-05,0.031296159524987516,0.08700514573951743,0.020687201049139126,6.956470188612437,34.76621880573995
20200,0.5025279521942139,0.17850694060325623,8.276050674151697e-05,0.0301074098606213,0.09024691350344624,0.020637770696997466,6.941746929063577,34.505022269292
20300,0.5026392340660095,0.17657800018787384,9.071138647031981e-05,0.033273708482367964,0.09751937749147932,0.020583921398782873,6.934834717483625,34.25392389545226
20400,0.5025274753570557,0.1778717041015625,8.812529691249732e-05,0.03348283538601274,0.09597130194053038,0.020569456453000762,6.925288221112531,34.07994350352757
20500,0.502564013004303,0.17733430862426758,8.383651129677524e-05,0.032550438743284685,0.09988184222350642,0.02050473542772399,6.908106541912231,34.02757557936482
20600,0.5024588704109192,0.1746944934129715,9.728602353515895e-05,0.031547121519820094,0.09943603782061322,0.020471293044745556,6.882568836841351,33.914462253626
20700,0.5025606155395508,0.1752275973558426,8.436585542834896e-05,0.02848284047979973,0.0943441966659623,0.020412120263152853,6.871969039760094,33.831313183199654
20800,0.5024961829185486,0.17359232902526855,8.860869587413158e-05,0.02638268617300989,0.09297404376761972,0.02037003902438177,6.861566749167325,33.454604790135164
20900,0.5026457905769348,0.1736544668674469,9.308116526922182e-05,0.03047561564223011,0.09850282437444775,0.02031655375287763,6.847726155718369,33.28729857108752
21000,0.5025081634521484,0.17202921211719513,8.94689169763823e-05,0.03428887678500601,0.09970116574092394,0.020285140255976154,6.826269216036745,33.105966160602975
21100,0.502461314201355,0.17361164093017578,8.816994092117333e-05,0.03211489398020048,0.09812739893235119,0.020234446280213373,6.813127156278327,32.87289152966292
21200,0.5025225877761841,0.16944536566734314,9.10207712501387e-05,0.029171678331596444,0.09486322343388306,0.020182049667438896,6.809551990122244,32.620350561164884
21300,0.5025236010551453,0.17048510909080505,9.264669516722128e-05,0.02743121893211562,0.09603916850110863,0.02015589586637845,6.8054418149262865,32.46964287101713
21400,0.5025533437728882,0.17156867682933807,9.755307981166241e-05,0.02884738623653073,0.09673728682285922,0.020123703402445244,6.794451226745139,32.22315037168889
21500,0.502475917339325,0.1677374392747879,7.960079205621074e-05,0.029068772640669597,0.10070693593321225,0.02011838697763577,6.792512427889513,31.991987613187547
21600,0.502444326877594,0.16893330216407776,8.746476299389527e-05,0.02824650719891303,0.0966746984342814,0.020093190600641023,6.7889482437421975,31.844199873673517
21700,0.5024076104164124,0.16807560622692108,9.102983898852701e-05,0.02826994555577705,0.09554877920954583,0.020062805732022806,6.780535855720407,31.79101505855968
21800,0.5025562047958374,0.16648297011852264,8.576824226019417e-05,0.029140927545746795,0.09241023698002417,0.02000852301047558,6.76729134539221,31.89404760234885
21900,0.5024366974830627,0.16624069213867188,8.994739760624868e-05,0.031779651671021154,0.0976111623599413,0.01997113554622077,6.753904558107841,31.69726378642764
22000,0.5023999810218811,0.1642913818359375,9.797448379303417e-05,0.02873431918359546,0.09741848033903082,0.01996424535445028,6.745069679555115,31.502548268871976
22100,0.5024157762527466,0.1661968231201172,8.829439167355143e-05,0.032028726284013445,0.09624127869387718,0.019940537424960835,6.739704812591975,31.41458475603173
22200,0.5024851560592651,0.16495013236999512,9.481312756489372e-05,0.027423013619650053,0.09262222518505156,0.01996011840712723,6.735070035775745,31.47767654650991
22300,0.5025930404663086,0.16505661606788635,9.197843290443698e-05,0.029181668363996365,0.09506823732426825,0.019931894945321795,6.728806599141359,31.431165904273115
22400,0.5024482011795044,0.16367125511169434,9.358274031401322e-05,0.031634787151457316,0.0942287244947016,0.01991248028732735,6.728352820541989,31.403235186009084
22500,0.5024338960647583,0.16387347877025604,8.454756030315031e-05,0.031133782118236503,0.09329427056685605,0.019884930749004884,6.719626202102072,31.351006307114602
22600,0.5023760795593262,0.16205139458179474,8.460135829525653e-05,0.030019836647832317,0.0915013356447253,0.019823425465868537,6.696547583722825,31.32806383784981
22700,0.50234454870224,0.16247406601905823,8.948072461520393e-05,0.03059677592319587,0.0952971177880964,0.01978144120912397,6.681674262792755,31.010623490386052
22800,0.5023567080497742,0.16257771849632263,8.83715351798729e-05,0.03239194938711603,0.10208008232419305,0.019758418185812435,6.681654920301892,30.786048001469084
22900,0.5023679137229919,0.16287565231323242,9.419012025495254e-05,0.030251618606738948,0.10306408784577581,0.019734155902784326,6.676149288949705,30.88068568718637
23000,0.5024948716163635,0.16024675965309143,8.429863036638437e-05,0.028787380544291728,0.09730601410746859,0.01970063818670862,6.660911088239931,30.72062720274735
23100,0.5025169253349304,0.1615012139081955,9.055525587955518e-05,0.032623794942460344,0.09709618744878423,0.01968018913934148,6.637738807692559,30.490854896928766
23200,0.5024393796920776,0.15965738892555237,8.198012787002311e-05,0.03240876762680227,0.09401194430935944,0.019669872653598885,6.65443062257934,30.448602516032764
23300,0.5024599432945251,0.1597074568271637,8.680063558869075e-05,0.02792863076246496,0.09229880647654234,0.019697801908701292,6.659412874386785,30.538495281970285
23400,0.502360463142395,0.15934959053993225,8.805424859255412e-05,0.0287066011279001,0.09138075838114787,0.019690930792297907,6.661091019094011,30.5220184176801
23500,0.5023418068885803,0.15922370553016663,8.544475045987635e-05,0.02949623521655001,0.09312335562622238,0.019669524121022082,6.659368207246317,30.422514147573338
23600,0.5022727251052856,0.16053709387779236,8.544781925190743e-05,0.027374436598099273,0.09025581327569708,0.019743003812384332,6.6837809225301665,30.3753778016293
23700,0.5023209452629089,0.15821222960948944,9.978420737971547e-05,0.037222759710420494,0.09999047922799628,0.019740024565252447,6.685235471875118,30.741171141134487
23800,0.5024405121803284,0.15970401465892792,8.714616817257753e-05,0.029514326791335574,0.09497413197423582,0.019739947297051065,6.677673769911673,30.6902284309715
23900,0.5024662613868713,0.15872173011302948,8.197075002066296e-05,0.028857766514987435,0.09200104470346132,0.019750266419098314,6.682978939309123,30.618602737153168
24000,0.5022708773612976,0.15940380096435547,8.596120721288033e-05,0.029033096342357744,0.09053048309518981,0.019748811197408227,6.693019363488771,30.769466853227726
24100,0.5024431943893433,0.1577349603176117,8.169026052234828e-05,0.028697627233361226,0.0905944293514776,0.019767347276881314,6.688527060552425,30.663357932878057
24200,0.5023406147956848,0.15963268280029297,8.447918322659613e-05,0.03130001905103069,0.09542706830698029,0.019810076668692226,6.713603288921891,30.685413988557627
24300,0.5023196935653687,0.1595105230808258,8.194776263377419e-05,0.030332652471496413,0.09837595032859313,0.01986074478794068,6.708974562956321,30.90779951449929
24400,0.5023656487464905,0.1564038246870041,8.33432639802942e-05,0.03319748904718885,0.09483197774447304,0.019846618317980933,6.71594980454151,30.819123394659158
24500,0.5023640394210815,0.1579257994890213,8.80213196570182e-05,0.02655977333483293,0.09264578794543678,0.019827926627489285,6.70523029226124,31.14226459812207
24600,0.50232994556427,0.1577492207288742,8.518704852059769e-05,0.026591557725896716,0.0915622659298249,0.01971829092408615,6.6698680507145705,30.76677285115497
24700,0.5024007558822632,0.15613575279712677,8.896386147634876e-05,0.030607935007092416,0.09389367586335892,0.019658073241929485,6.658757269682992,30.33590632609875
24800,0.5023195743560791,0.15631762146949768,8.279692712272654e-05,0.027234896348348595,0.09466259144311845,0.019665087433297493,6.659300290641942,30.215684311019515
24900,0.5022821426391602,0.15657930076122284,8.649963346389859e-05,0.028430095507270752,0.09410070656142805,0.01965911482387605,6.656303885164679,30.341224807610132
25000,0.5023171305656433,0.1549372673034668,8.650491936461555e-05,0.027772671047668798,0.094813412398337,0.019599410849544998,6.6364512324653875,30.12674748130138
25100,0.5023529529571533,0.1527749001979828,8.671381544266749e-05,0.02759948519126609,0.09270144517415327,0.019587932220695815,6.636584364029995,30.010679443611764
25200,0.5023350715637207,0.1549239158630371,8.79780588514779e-05,0.027668622632112207,0.09205712184352044,0.01952805977845397,6.617180525230958,29.857486319293685
25300,0.5023171305656433,0.15462656319141388,8.363491000318815e-05,0.02699542797072079,0.09196064606484741,0.019513797098248273,6.606948664565877,29.934135023428325
25400,0.5023341774940491,0.15397882461547852,8.544941932310337e-05,0.02731845161697262,0.09222509992603235,0.019437882171069138,6.580457800254065,29.603520136795822
25500,0.5023419857025146,0.1530011147260666,8.440604596210887e-05,0.027112316494408602,0.09087427497160736,0.019389904425801772,6.568213750267921,29.532850379196844
25600,0.5023215413093567,0.15317225456237793,8.327317298939026e-05,0.027820413685074163,0.09150771611595748,0.019346252162502377,6.553065684821347,29.28428958150306
25700,0.5022948980331421,0.15258951485157013,8.210623192177633e-05,0.027084998640755316,0.09106949293639956,0.019316308253367047,6.545557467192009,29.171593391569047
25800,0.502288281917572,0.15189871191978455,8.508864649177343e-05,0.027206044574325232,0.09000951172338127,0.019234719295801866,6.519260613844779,29.03406024059001
25900,0.5022470355033875,0.1514573097229004,8.312443058621389e-05,0.026814328293986004,0.08970560055790133,0.019174206323379864,6.4960034575194365,28.7456282122194
26000,0.5022709965705872,0.1512490212917328,8.372908811807116e-05,0.026670320443363222,0.09024910550680076,0.019107011996690338,6.4770957803400036,28.541666184323674
26100,0.5022850036621094,0.14939002692699432,8.273176810327226e-05,0.02615470978226815,0.09085212235878302,0.01904707238271685,6.460507268232528,28.25949119302527
26200,0.5023140907287598,0.14970621466636658,8.632348124189649e-05,0.027127273745285972,0.08935620994926392,0.0190091148590649,6.444819823434087,28.113684848584086
26300,0.5023062825202942,0.14840412139892578,8.215563219722801e-05,0.026723357459410648,0.08999283776428946,0.019005068195310768,6.436965586207921,28.08707506036862
26400,0.5022497177124023,0.14787130057811737,8.503739431412866e-05,0.02737798084488513,0.08999502280311825,0.018887261104375788,6.403279760755922,27.74073067776294
26500,0.5022983551025391,0.1474592238664627,8.273872139402322e-05,0.026909597589851713,0.08977230555931513,0.01879055564196663,6.370999906544034,27.410567688252314
26600,0.5022287964820862,0.14621639251708984,8.503686157667089e-05,0.025590168738392562,0.08835082361550592,0.018684211798591158,6.341515769777718,27.180447769263026
26700,0.5022563338279724,0.1471436470746994,8.283190478274044e-05,0.02728804697469326,0.08962157167039639,0.018595478914228934,6.31161675089711,26.79868160456519
26800,0.5022491216659546,0.14563722908496857,8.376752144468593e-05,0.025919038245041444,0.08972923572171994,0.01852808425947845,6.289144038018151,26.500429504122877
26900,0.5022273659706116,0.14565777778625488,8.172468270077018e-05,0.02589969889348225,0.08802252233707114,0.018445915510640877,6.261843008789651,26.3346527830262
27000,0.5022478103637695,0.1447390615940094,8.274289343705573e-05,0.026082320577851596,0.0874355601350371,0.01832889946448228,6.225228210642496,25.974473396227495
27100,0.5022138953208923,0.14335298538208008,8.38733300022401e-05,0.026479151839868827,0.08706706437473351,0.01821877496604437,6.185530718141217,25.560048974144394
27200,0.5022334456443787,0.14232030510902405,8.166710648963963e-05,0.025606009370312658,0.08626421275768682,0.01807191546980822,6.143774931863358,25.20477093305223
27300,0.5022624731063843,0.14167222380638123,8.280247413955293e-05,0.02597234690452103,0.08729686613444869,0.017883319637025642,6.083268828065091,24.568621450051722
27400,0.5021750926971436,0.14078235626220703,8.323156614479306e-05,0.025500102431613415,0.08751191178456802,0.017735493349035673,6.033768552616644,24.158594334577685
27500,0.5022160410881042,0.14098195731639862,8.312530561407155e-05,0.026828891403072264,0.08759085277899649,0.017539893410223554,5.97045613772987,23.54759466447578
27600,0.5022138357162476,0.1388290375471115,8.023228241408622e-05,0.025573248904216507,0.08605299074408704,0.017402220248336982,5.927105319729879,22.982410410269324
27700,0.5021905899047852,0.1357155293226242,8.284421054523039e-05,0.02520206773558385,0.08681402733438155,0.01722012735446149,5.868322977697084,22.471540713981398
27800,0.5021963119506836,0.13475140929222107,8.145429811207047e-05,0.025131121186905477,0.08643132193811456,0.016987712369312295,5.791583848457922,21.71063286402432
27900,0.502204418182373,0.13361282646656036,8.034693242640182e-05,0.02677210871689933,0.08730005267468358,0.01674437531968423,5.713755663451867,20.885868474613545
28000,0.5022221803665161,0.13427725434303284,8.091809981006704e-05,0.026635033738461357,0.0861976840570935,0.016508043487799228,5.637917459838106,20.155776532237127
28100,0.5022020936012268,0.12865027785301208,8.244530699963706e-05,0.026927510024404737,0.0872317791383085,0.01632507734831751,5.5734835316843485,19.47753109426742
28200,0.5021929144859314,0.1304175853729248,8.034063691202581e-05,0.025391465697949537,0.08527251136416299,0.016052156385608276,5.486933840719142,18.78407758008052
28300,0.502169132232666,0.1273975372314453,8.247459997120429e-05,0.025941571864700117,0.08621553902671938,0.015796861367856324,5.402929605823498,17.804938181571345
28400,0.5021234750747681,0.12589649856090546,8.529745861348174e-05,0.02551987942445831,0.08591381186976352,0.01550778559575462,5.312990297071083,16.961680771480474
28500,0.502140462398529,0.12452054023742676,8.140425885401862e-05,0.025449445947165007,0.08532440191669309,0.01519110244238259,5.203010819642568,15.81765106545987
28600,0.5021556615829468,0.12319202721118927,7.806044161576175e-05,0.025083424586185808,0.08529268742239465,0.014921844636521407,5.123862064468357,14.917506759987447
28700,0.5021515488624573,0.12138304859399796,7.927446069338447e-05,0.025446652449739378,0.08507080124438153,0.014653817133118354,5.034566380432108,14.15460013429896
28800,0.5021681785583496,0.12064366042613983,7.814288591335454e-05,0.02620922695173756,0.08340553051165277,0.014360566973488687,4.9393089497104095,13.331000249009975
28900,0.5021367073059082,0.11910714954137802,7.680644366839877e-05,0.025134557665660383,0.08233731808674333,0.014078774598749722,4.848663034417044,12.266626101050377
29000,0.5021382570266724,0.11817312240600586,7.965349962042338e-05,0.02474864537664861,0.08235625274959756,0.013824651818656457,4.763392907732092,11.497479818948221
29100,0.5021199584007263,0.1144314780831337,7.727554845648678e-05,0.024232079923297612,0.08107047034630958,0.01355466805559126,4.670606069136833,10.735894123308299
29200,0.5021342635154724,0.11389045417308807,8.097892670365195e-05,0.025460902259323927,0.08161005670719206,0.013273753663537445,4.56234936018451,9.82612093300807
29300,0.5021486282348633,0.1123504638671875,7.614329496906562e-05,0.025542707656740916,0.08197630441330127,0.012904221786124234,4.459159374996636,8.736527449515734
29400,0.5021372437477112,0.11044816672801971,7.829430175789064e-05,0.023531236729608905,0.07903746351902279,0.01272871396942021,4.394099843427599,8.115064622976405
29500,0.5021522045135498,0.10759162902832031,7.623994505618732e-05,0.024748459792276602,0.0793875642911898,0.012463359707322064,4.3126708592837035,6.904692943331781
29600,0.5021659731864929,0.10798406600952148,7.807746304858899e-05,0.02393114132085055,0.07941611269938378,0.012238289483881174,4.237281092839871,6.5379958095828385
29700,0.5021476149559021,0.10600604861974716,7.623064429619526e-05,0.02396391068178225,0.07888497610354593,0.01203154049003182,4.17267159858772,5.832723447592883
29800,0.5021233558654785,0.10599775612354279,7.932273214515751e-05,0.023623192341580484,0.07830658011471964,0.011816009819515156,4.105645061145383,5.091212412559656
29900,0.5020948648452759,0.10325813293457031,7.605604753432818e-05,0.023323369396704235,0.07893654099066319,0.01165782497175089,4.0507160537872435,4.407718015712703
30000,0.5020961761474609,0.10279550403356552,7.646984904052058e-05,0.02512797487026445,0.07865615699815706,0.011462327108508707,3.9831506365638956,3.9495464760996697
30100,0.5019863843917847,0.09976358711719513,7.125922997483582e-05,0.025807210631454063,0.08115535724408868,0.011264711642980287,3.9190402826322797,3.244778153207193
30200,0.5020608901977539,0.10109701007604599,7.630429319534625e-05,0.0231535460143591,0.07642112341320319,0.011168243157947443,3.8898874259071996,3.0082621518774033
30300,0.5020623803138733,0.10059461742639542,7.292088186888883e-05,0.023669637658358333,0.07489607644887476,0.011036547537593474,3.8480976042040167,2.511922686123853
30400,0.5020462274551392,0.10147599875926971,7.316553710293344e-05,0.022790952246629626,0.07596192896108551,0.010920985726320229,3.8131788981207237,1.954003547184584
30500,0.50206458568573,0.09959764778614044,7.626833006152033e-05,0.023677059225171965,0.07659457525764596,0.010852090446882998,3.7805104808392227,1.722527936829664
30600,0.5021157264709473,0.09933643043041229,8.11452230924846e-05,0.02550062211634525,0.07592360698554527,0.01080632996290328,3.729334830203748,1.4401096163117586
30700,0.5027843713760376,0.10453329235315323,0.00011074089816097795,0.04201330536513494,0.09558523229284181,0.010905092727073443,3.7587002912158485,0.47369285984942167
30800,0.5020262002944946,0.09641380608081818,7.617082264437735e-05,0.02366375833809089,0.08052898617756048,0.010593569765983094,3.695135974098066,1.324128481914812
30900,0.5020565390586853,0.09658107906579971,7.198515648131697e-05,0.023626581295037405,0.07637839243678661,0.010473704866167007,3.6567772414066364,0.71971608139728
31000,0.5020903944969177,0.09675540775060654,7.514064640550859e-05,0.022297816949565726,0.07454151420671103,0.010470625813570066,3.6594132167391726,0.654173618065812
31100,0.5020196437835693,0.0947992354631424,7.423262026272522e-05,0.022222165765971587,0.07623574572809969,0.01038310630156761,3.624970781373751,0.7917241497033558
31200,0.5020492672920227,0.09569959342479706,7.48319030270966e-05,0.02298399196697084,0.07546005064136045,0.010319778371573081,3.612337294301893,0.035039799770004265
31300,0.5020443201065063,0.09471206367015839,7.330803256540904e-05,0.022672966107129603,0.07600989419918705,0.010243480546681005,3.582640489315478,0.0009034020781655272
31400,0.5020517706871033,0.09488096088171005,7.324075428136757e-05,0.023467545793083747,0.07619855250769504,0.01020513980462922,3.57227363256612,0.5422761540931447
31500,0.5020325779914856,0.09291763603687286,7.384382971934418e-05,0.02411984660256564,0.07599348211389702,0.010147461318955053,3.5514402322655396,0.4592139869594689
31600,0.5019804835319519,0.09328031539916992,7.27939653937636e-05,0.022476342270014382,0.07387280299528189,0.010110957244997167,3.535694258842844,0.6035603560837899
31700,0.5020248293876648,0.09503040462732315,7.259499825339527e-05,0.02249368583181718,0.0745824811582916,0.010052568970552829,3.5148950384361046,0.6885517763147391
31800,0.5020366907119751,0.0946565642952919,6.97644510619067e-05,0.022876546313194253,0.07304467983148458,0.010011429109412131,3.5062878555487877,0.9838317841477249
31900,0.5020104646682739,0.09294004738330841,7.282768873886035e-05,0.022988494513754107,0.07517484339424818,0.010007159557814168,3.494193339822237,0.9552579815179456
32000,0.502057671546936,0.09315166622400284,7.0316593821343e-05,0.023307141439749452,0.07433236917947375,0.009924729676587925,3.481385034974956,1.4330175232987301
32100,0.5020055770874023,0.09315919876098633,7.002014027526236e-05,0.022635487621869253,0.07364955952562098,0.009892033711354168,3.4686873979835995,1.350372491969864
32200,0.5019695162773132,0.09142599254846573,7.018661857794723e-05,0.023097216714286137,0.07356058571080991,0.009876987686679266,3.463885126932893,1.5244571678457532
32300,0.5019598007202148,0.09242554008960724,7.246414302623019e-05,0.02288370692118502,0.07440960121192534,0.009830946341121236,3.4434905218492493,1.4381795788833074
32400,0.5020573735237122,0.09114055335521698,7.267321800245143e-05,0.0220559272369244,0.0736147529371034,0.009821340731695289,3.446081380061171,1.6261340202692622
32500,0.5020050406455994,0.0919099822640419,7.249800002574604e-05,0.023487699741302277,0.0752788326182824,0.00978649090414579,3.4270614107337187,1.7760248194659027
32600,0.5019888877868652,0.08970431983470917,7.341484507268411e-05,0.023357038616187917,0.0749800800105972,0.00975864373173971,3.420968446119698,1.7613555436632566
32700,0.5019482374191284,0.09136705100536346,7.393177486173135e-05,0.024137852316265397,0.07499766216411705,0.009723269983522074,3.403823474807396,1.6269161499032805
32800,0.5020196437835693,0.09218139946460724,7.148747379646445e-05,0.023533169562513542,0.0745300108404392,0.009709920431032882,3.4038501384632474,2.144095025239011
32900,0.5019628405570984,0.09109439700841904,7.08913632476207e-05,0.02304775197426294,0.07379845567333711,0.009689288756892197,3.393949800867912,1.9901371519454472
33000,0.5020344257354736,0.09026117622852325,7.322954075244786e-05,0.022084966668758962,0.07376772862335562,0.009672797463018542,3.392635602856196,1.8779623817674178
33100,0.5020026564598083,0.09129943698644638,7.214032297573124e-05,0.023160740894201445,0.07442695529945938,0.009640731969312052,3.3832171303483287,2.1386027371422927
33200,0.5019936561584473,0.09062280505895615,7.162637308962072e-05,0.02226122689018696,0.0734426482588454,0.009630936446114412,3.379180334276239,2.192395875304811
33300,0.5020197033882141,0.090837761759758,7.07235651871409e-05,0.022796588677182754,0.07328627326380253,0.009606813538548966,3.370869695024753,2.167854385454916
33400,0.5020010471343994,0.09037037193775177,7.416527944582169e-05,0.022981481312808763,0.07411911401456744,0.009612667925167614,3.3683676425956843,2.540200233227381
33500,0.5019869804382324,0.09102563560009003,7.08311675209523e-05,0.022891129995177284,0.07337477090208623,0.009564469104338374,3.3572468328497527,2.568999984418099
33600,0.5020056366920471,0.09064941108226776,7.087322954430114e-05,0.022621875880352478,0.0748533475324523,0.009547997572054268,3.3518152184737335,2.6052907994369434
33700,0.502008318901062,0.09002246707677841,7.185529032940236e-05,0.0229487334052491,0.07396311091828466,0.009560329354915211,3.3482603480926887,2.3363251086243224
33800,0.5019952654838562,0.08912267535924911,7.06266963586161e-05,0.022735901987585967,0.07439327932930664,0.009532000256053922,3.3473611213038486,2.638904993041592
33900,0.5019665956497192,0.08933496475219727,7.067023771165972e-05,0.022937285220787883,0.07337407631852465,0.009517522919286944,3.3358740504949025,2.5041527474280088
34000,0.5019423365592957,0.08844862133264542,7.459139258209573e-05,0.023861183866916543,0.07549210463187814,0.009535024539570332,3.330936828948094,2.2715473942683673
34100,0.5019514560699463,0.09049291908740997,7.186631316640179e-05,0.02240903508742322,0.07383301137350459,0.009497843191749443,3.323995647771394,2.378629631495926
34200,0.5019721984863281,0.09075488895177841,7.25967821576427e-05,0.022798885605579876,0.07316422587901486,0.00948761705403133,3.3236066336656136,3.1013174133368864
34300,0.5019768476486206,0.08819761127233505,7.522516855546505e-05,0.023976794476009648,0.07529077839979516,0.009493899273214654,3.324134431193046,2.732204368051754
34400,0.5019199252128601,0.08919963985681534,7.105375340667547e-05,0.02278436494411579,0.07305254496894327,0.009458293763676535,3.3190636493747934,2.9122158484877048
34500,0.5019590258598328,0.08881082385778427,7.17805792212496e-05,0.023119187668976623,0.07387172792875771,0.009435481190008093,3.308718229697155,2.8909593031006864
34600,0.5019859075546265,0.08861780166625977,7.256255219372014e-05,0.02229691451978873,0.07419303865138817,0.009438774800490374,3.3142368326031555,3.2002828830291037
34700,0.501970648765564,0.08995962142944336,7.625012853572203e-05,0.023814018560409118,0.0740489853732413,0.009451981753231406,3.2982492296585137,2.9891947851344867
34800,0.5020433664321899,0.09113369137048721,7.36038949064689e-05,0.02326486623161029,0.0725409941950675,0.009429326806667089,3.2985969760842466,3.071405300000009
34900,0.5019625425338745,0.08810615539550781,7.171466517055069e-05,0.02325031407396961,0.07322737478214857,0.009380662526723833,3.2891817564472787,2.838295907742861
35000,0.5019659399986267,0.09036407619714737,7.427884594467973e-05,0.024006064957385907,0.07571590175895376,0.009408795617127378,3.2866285567829316,3.02221803634896
35100,0.5019026398658752,0.08920840919017792,7.516762239631245e-05,0.023527789320490457,0.07503232220220965,0.009414198601727338,3.2905294467057606,3.290106126332489
35200,0.5019617676734924,0.08869495242834091,7.11411153111678e-05,0.022092470556743952,0.07261023736852276,0.009363669392099292,3.2884725428916046,3.0894985655338303
35300,0.5019346475601196,0.08991384506225586,7.447709538942341e-05,0.023854484800002913,0.07349744136178199,0.009380073351903516,3.276113463095263,3.407060577607325
35400,0.5019769668579102,0.08925867080688477,7.284195659526765e-05,0.02347359363597086,0.07415169556806867,0.009328678526483817,3.283712927645412,3.808762357643616
35500,0.5019248723983765,0.08973703533411026,7.391112871612754e-05,0.023934745162191927,0.0742088262947347,0.0093429413020735,3.2765227472408585,3.4377200592611814
35600,0.5019865036010742,0.08881787955760956,7.310255270479212e-05,0.024589954006079967,0.07419109080418744,0.009348828750707026,3.2642518439794292,3.3056965770374234
35700,0.5019598007202148,0.08933992683887482,7.22092719263829e-05,0.022714338487501772,0.07431241800796276,0.009337411679683801,3.2744124612100562,3.6788245544439064
35800,0.5019760727882385,0.08916521072387695,7.229732613050837e-05,0.022429756576838118,0.07218617109755558,0.009334042174161524,3.2753878069464704,3.3506603406647173
35900,0.5019617080688477,0.08914728462696075,6.955086276473855e-05,0.022164159836999115,0.07139246983992054,0.009306728399229332,3.2782105700114785,3.6433506303761476
36000,0.5019571185112,0.08865632861852646,7.346642683541391e-05,0.023628414145891823,0.073763694948726,0.009342138857227195,3.2587657140302446,3.528933755247266
36100,0.501987099647522,0.09319839626550674,7.377734238585226e-05,0.02245341860728832,0.07260769792853429,0.009312424979921538,3.246435989634559,3.4635477178426015
36200,0.5018904805183411,0.08883781731128693,7.064477180213977e-05,0.023589385564364036,0.07146725720935526,0.009276494992521178,3.266886058692475,4.017695253880021
36300,0.5019478797912598,0.08874702453613281,7.092079600244631e-05,0.02340724868385003,0.07277022165203992,0.00927896575767391,3.2641157428796217,3.86514521392769
36400,0.5019727945327759,0.08808908611536026,7.110029112168418e-05,0.02333730327627445,0.07255036562776117,0.009279226677292472,3.2546912897789,3.5528495413899748
36500,0.5019961595535278,0.08912153542041779,7.038852176260235e-05,0.022096394963717722,0.07171591285456708,0.00929711811484765,3.269980174667321,3.7161060669992025
36600,0.5019335746765137,0.08803434669971466,7.112561603303952e-05,0.022433654118463046,0.0726671819693378,0.009266199444249204,3.257678430314895,3.8995589178248906
36700,0.5019658803939819,0.08748607337474823,7.000362581189132e-05,0.022784774824361528,0.07099822119168335,0.009252343829218418,3.247475642310824,3.825899686958053
36800,0.501995325088501,0.08706779778003693,7.192432473967359e-05,0.021818439493503077,0.07322561754098693,0.009278382148601516,3.2599747625742452,3.2063139715403963
36900,0.5019142031669617,0.08804130554199219,6.983562245230759e-05,0.02314655022106306,0.07223864483482295,0.009250062772888284,3.234945680296731,3.5279082963937753
37000,0.5019285678863525,0.08767271041870117,7.103827828644145e-05,0.022228368567805558,0.07178869211333888,0.009252345488810145,3.248687918342142,3.6713334906157797
37100,0.5019342303276062,0.0889592170715332,7.52013916329428e-05,0.022847141045031508,0.07345950143468358,0.009270393099324576,3.243915415116982,3.6691609082990624
37200,0.501925528049469,0.0887639969587326,7.027994698293906e-05,0.02209994515931397,0.07215821682786196,0.009238966990318318,3.252330291357946,3.783577783427944
37300,0.5019577145576477,0.08908023685216904,7.217173911868153e-05,0.023285236731454995,0.07367965542839053,0.009231799814919957,3.2332858460699305,3.901140557751461
37400,0.5019679665565491,0.08632860332727432,7.02891687427311e-05,0.02397181935612322,0.07141855893169324,0.00921082429320208,3.233245006305944,3.7959875736211757
37500,0.5018803477287292,0.08689536899328232,8.033168474609427e-05,0.02224480476684459,0.07336801559719745,0.009281193782253849,3.236245831038486,3.6308539368902473
37600,0.5019752383232117,0.08597841113805771,7.001089457561984e-05,0.022312481445901092,0.07375852764965789,0.009213749098862743,3.2341591054823984,3.6865068055159043
37700,0.5019102096557617,0.08569192886352539,7.251928528085379e-05,0.022878112115629363,0.07282676719159123,0.009212593378160055,3.2234496699163886,3.9473904901102514
37800,0.5019409656524658,0.08883953094482422,7.497690084784833e-05,0.022901227535919597,0.0732690356394224,0.009241344185802478,3.219015425151286,3.856385362026572
37900,0.501977801322937,0.08770580589771271,6.921164392580738e-05,0.022067725042443507,0.07144029567338998,0.009193055609924514,3.238750318646569,4.037717772511115
38000,0.5018901824951172,0.08495388180017471,7.095751031455417e-05,0.022353996411310095,0.07282671007459979,0.009190439974435392,3.2325988988174483,3.8646411748302114
38100,0.501934826374054,0.08977250754833221,6.974312843205136e-05,0.021492460149786733,0.07044779337892934,0.009212505295308072,3.246970608095244,4.226645530774988
38200,0.5020127892494202,0.08584165573120117,7.014288801272892e-05,0.022692689167469613,0.0715780185060622,0.009203775128412833,3.237770406317617,4.068168686262567
38300,0.5019425749778748,0.0866084098815918,6.940747945091757e-05,0.02171058795792601,0.07078455439496216,0.009169456809595465,3.2294811097955978,4.025221079025215
38400,0.5019842982292175,0.08857975155115128,7.030378824683982e-05,0.022364149874650834,0.07107393379310263,0.009204488867922392,3.2339329160064034,4.216251896971698
38500,0.5019495487213135,0.08867864310741425,7.184039578798256e-05,0.021862753058735824,0.0710498266245609,0.009179725936234983,3.223819943413931,4.0660308652628885
38600,0.5018383264541626,0.08571062237024307,7.51025000546719e-05,0.022036170520612568,0.07345375633943158,0.009194083771191335,3.2208424319649893,3.508268152250423
38700,0.5018773674964905,0.08661508560180664,7.18222129633334e-05,0.021814543553034752,0.07246660724889041,0.009158073326007462,3.2189697197601337,4.045539068851383
38800,0.5019263625144958,0.08862485736608505,7.268226242673709e-05,0.021897428048386784,0.0715801407256101,0.00919625188888424,3.2279014514723947,4.165882748540355
38900,0.501907467842102,0.08782272040843964,7.072830217833803e-05,0.02342721406078656,0.07200489697071889,0.009162258566507183,3.2149200075218465,4.233371845627602
39000,0.5018911957740784,0.08609648048877716,7.24262307030241e-05,0.02219598420571166,0.07202616328431782,0.009195835232144955,3.2150613075766294,4.0244563300497305
39100,0.5018981695175171,0.08778391033411026,7.03568917383356e-05,0.022021462003337076,0.07161618622532734,0.00914412009436849,3.2187115263563295,3.896604205874098
39200,0.5019241571426392,0.08541011810302734,7.19012814321794e-05,0.021754909300159126,0.07299034732047752,0.009183946277164004,3.2330792233824845,4.2568183539899
39300,0.5019075870513916,0.08900012820959091,7.050704492440291e-05,0.022108222022983737,0.07122065862404253,0.009149175034864204,3.2218573783869378,4.193135621121542
39400,0.5019184350967407,0.0875006690621376,6.991463687861494e-05,0.02211582696561603,0.07147467040033856,0.009150275805150297,3.2197376615176045,4.079170643114537
39500,0.5019113421440125,0.08704891055822372,6.920804313690356e-05,0.02187539756028756,0.07116391640079663,0.009150752039063714,3.228651382214745,4.348622992366131
39600,0.5019092559814453,0.08675412833690643,7.226640506882712e-05,0.021683466420365387,0.07229995545595487,0.009170819753696826,3.21741649428226,4.144139544714392
39700,0.5019060373306274,0.08871583640575409,7.153176715629294e-05,0.022490229013234057,0.0708122799258598,0.00914229438646837,3.20681720346712,4.187139293927345
39800,0.5018969178199768,0.08691415935754776,7.156110071401086e-05,0.023272768356116795,0.07258569173159607,0.009162107452826316,3.2098036127102496,4.170923139515196
39900,0.5019295811653137,0.08642788231372833,7.071074367656917e-05,0.02182667848775082,0.07004536712527319,0.00916322560327963,3.2194575183101524,4.151091808127973
40000,0.5019144415855408,0.0859537124633789,6.978939318554369e-05,0.022169428270279613,0.07236500306138556,0.009121512881585166,3.2118575578486688,4.03415473751167
40100,0.5019207000732422,0.08835478127002716,7.098125224194293e-05,0.022263537798463302,0.07126367611901595,0.009125379703116129,3.2105419012698286,4.04585192070499
40200,0.5018879771232605,0.08775968849658966,6.968578437023162e-05,0.022132963923296996,0.0704862274448294,0.009126091706007755,3.220008425895918,4.137343707227615
40300,0.501888632774353,0.08811960369348526,7.191051505087861e-05,0.021902184261825275,0.07085964797307034,0.009136588608562509,3.2115792196691997,4.01587028473395
40400,0.5019838213920593,0.08751411736011505,7.093402677467003e-05,0.022992074620054034,0.07438847924584466,0.009092201690610969,3.2072253136185505,4.530685390509092
40500,0.5019629597663879,0.08790846168994904,7.064784391402643e-05,0.02171813171653793,0.06668500206721853,0.009115658704173088,3.232539733339163,4.839105176193755
40600,0.5019159317016602,0.08484439551830292,7.149034517465651e-05,0.021535896194639467,0.0715057365473266,0.009130279386162893,3.216512475779088,4.310941724664559
40700,0.5018317699432373,0.08692922443151474,6.866765357128998e-05,0.02288181260926343,0.07160419824458499,0.009092120981873153,3.204100106162231,4.352533640536251
40800,0.5019298195838928,0.08462295681238174,6.938015980613422e-05,0.02259013171727669,0.07213748195629344,0.009111051431306756,3.2032652434833895,3.9552291671090813
40900,0.5018589496612549,0.08717584609985352,7.203654228537974e-05,0.02294583850621533,0.07312576803445907,0.009098141914424573,3.2000866079752557,4.158530729980498
41000,0.5018442273139954,0.08708210289478302,7.458975459699459e-05,0.024988349507327,0.07400753306779417,0.00910584584082256,3.19539405667646,4.033598556438562
41100,0.5019073486328125,0.08765105903148651,7.272116476147386e-05,0.023569204592666263,0.07300055887882993,0.009131695654899893,3.2161140649777464,4.332285173344218
41200,0.5018731355667114,0.0876850113272667,6.95125010917629e-05,0.02220344890304529,0.07129153691820878,0.009083774939453764,3.1971517655054877,3.9689425066923434
41300,0.5018789172172546,0.08567456901073456,7.26739652861834e-05,0.02346551387121387,0.07325042962390929,0.009089502321716167,3.203055278056923,4.210446757021344
41400,0.5019010305404663,0.08296070247888565,7.044830705062975e-05,0.022425926718916075,0.07262180571964932,0.00911261525235925,3.2045759106464735,4.120536610425319
41500,0.5018948912620544,0.08628235012292862,7.380638980642687e-05,0.021793862845151876,0.07201077252037222,0.00912353354198432,3.208617842857612,4.186426686927462
41600,0.5018404126167297,0.08594274520874023,6.94808928734879e-05,0.022089836079039922,0.07188874966564139,0.009107544655126264,3.208398937459057,4.0741650134567635
41700,0.5018707513809204,0.08626661449670792,7.085535031642037e-05,0.022566235238705375,0.0721160612648529,0.009103964191014422,3.1978080045329884,4.131416902667553
41800,0.5019111037254333,0.08716869354248047,7.244187873852847e-05,0.023001672123361343,0.07242587634585296,0.00910671608334159,3.2038644651578383,4.351490801024227
41900,0.5019034147262573,0.08729992061853409,6.84554461464256e-05,0.022621277458044067,0.07198161570565537,0.009103123039663718,3.2090534787297553,4.4375250607672
42000,0.5018957853317261,0.08720455318689346,6.882374685668547e-05,0.023155523119150784,0.07350756473396916,0.009077151966512877,3.197161015626239,4.367063871070627
42100,0.5019084215164185,0.08711614459753036,7.006633067789586e-05,0.021853385047197492,0.07110043110323028,0.009092947798760567,3.2033197435977008,4.252629615283212
42200,0.5018409490585327,0.08716640621423721,7.799046841354422e-05,0.023921351052137527,0.07233353808091128,0.009114567885615765,3.1889411538304766,4.058539801434762
42300,0.5018781423568726,0.08607883751392365,6.794687471713136e-05,0.022637519059221404,0.07235224975617503,0.009070272686569935,3.197649893834622,4.451759820106503
42400,0.5018764138221741,0.08654079586267471,7.277132681250219e-05,0.023312210062133167,0.0730161919349363,0.009087902964905553,3.197701273119204,4.330164733003102
42500,0.5019588470458984,0.0855335220694542,7.57692080006531e-05,0.024134416549848766,0.07125647031962414,0.009149049752826625,3.196568437011677,3.9383177863555545
42600,0.5018777847290039,0.08385524898767471,6.965678586536726e-05,0.021884963196179056,0.07122846470548226,0.009103355001038317,3.2049900184561637,4.34106240590387
42700,0.5018638372421265,0.08683490753173828,6.91037499049285e-05,0.02196065671833111,0.07087871629309744,0.009081012227188007,3.2046381518781626,4.588006802353988
42800,0.5018613934516907,0.08669862896203995,6.867521441502653e-05,0.02252188564963427,0.0716788897958542,0.009067055765266,3.200092911537589,4.62111695686113
42900,0.5018874406814575,0.08452014625072479,6.822069948735036e-05,0.022086194257833633,0.07053682939229793,0.009080072444922808,3.198906680658376,4.375198019264502
43000,0.5018448829650879,0.0864015594124794,7.135631451858003e-05,0.021951859158522814,0.07024304492990613,0.009081298866975427,3.2025160571571134,4.490449166003032
43100,0.5018762946128845,0.08511877059936523,7.080820485302363e-05,0.02116410620922956,0.07020008868381011,0.00907696397190306,3.203045142864605,4.507638637293098
43200,0.5018114447593689,0.08595915138721466,7.058232224441516e-05,0.02161668202994159,0.0711809540474204,0.009070446069405335,3.198807646419592,4.383366928775473
43300,0.5018637180328369,0.085675910115242,7.27740488572586e-05,0.02404012130901266,0.07387293633470379,0.009087573371172672,3.1955512388460714,4.167168917271852
43400,0.5018242597579956,0.08722420036792755,7.155632148816065e-05,0.023735804583074303,0.07342962743764805,0.009099302127399199,3.1933588188921016,4.4313201656705985
43500,0.5019484758377075,0.08812818676233292,7.384145513167626e-05,0.024104086542708684,0.07208752393583547,0.009115211048474625,3.1678883074925195,4.665124784269068
43600,0.5019950270652771,0.08736906200647354,8.433637594263553e-05,0.02432484729229803,0.073649013194192,0.00920174946807936,3.205502410892438,4.200835252852102
43700,0.5019189119338989,0.08787336200475693,6.799918416626047e-05,0.022717180668103618,0.07188205968152613,0.009061155398730284,3.191138224600732,4.445520163692805
43800,0.5018930435180664,0.0876685157418251,7.093685782190944e-05,0.024362417170925115,0.07351557009124594,0.009098011579187094,3.19102180258359,4.490153694807958
43900,0.5019075274467468,0.083356574177742,6.990670368336642e-05,0.02336006420246661,0.07334945399737691,0.009060733314706611,3.190780694880508,4.367481006875437
44000,0.5018460750579834,0.08499956130981445,7.018006266754743e-05,0.0235567972796272,0.07403912620810074,0.009084295865653581,3.1735702591269557,4.341045025245336
44100,0.501807689666748,0.09051122516393661,8.353981129545473e-05,0.022985981653057992,0.07142521440553326,0.009222839379888338,3.159547962865823,4.261980409574477
44200,0.5019779205322266,0.08816242218017578,8.102178937900336e-05,0.027877868855795844,0.06561134183412612,0.009097747493126957,3.2255349899473353,4.669504710219627
44300,0.5018994212150574,0.08636502921581268,6.804368428625259e-05,0.022443094742928982,0.07264567736422965,0.009045372177600696,3.1859519560708227,4.573876326965916
44400,0.5018831491470337,0.08628330379724503,7.379004159466328e-05,0.024887264312547664,0.07565308718302816,0.009092472115530182,3.193356645984024,4.466237908665249
44500,0.5018908381462097,0.08630199730396271,6.680359046566547e-05,0.022531205616889684,0.07218289928859492,0.009066041166998025,3.1973634623886444,4.6354038581760335
44600,0.501872718334198,0.08743886649608612,7.11641000408364e-05,0.021389770511447682,0.07087221276143994,0.009079765878570234,3.2030098273530165,4.57253801625879
44700,0.5018996596336365,0.08499336242675781,7.120412702417524e-05,0.0212921301483866,0.07179327540797459,0.009073074325536066,3.198490489289117,4.388685410286854
44800,0.5019046068191528,0.08794641494750977,7.121691466883277e-05,0.021769102457050663,0.07219148804754705,0.009085985290966906,3.1998326921904576,4.366716257899952
44900,0.5019111037254333,0.08670540153980255,7.059228611965044e-05,0.022318867220506095,0.0717544544237249,0.00906400698539155,3.1899444657253992,4.39673265518806
45000,0.5019341111183167,0.08531121909618378,7.001118684452876e-05,0.022722048177170294,0.0733968662460233,0.009056244334974213,3.191017241152093,4.455340235764481
45100,0.5019016265869141,0.08610887825489044,7.0451262448076e-05,0.022325967942026088,0.0716557799554823,0.009063214672360001,3.186488051396184,4.495037659855996
45200,0.5019069314002991,0.08580808341503143,7.316707533108826e-05,0.022365667517884064,0.07222808539166033,0.0090961721885962,3.187730357931512,4.383523354702277
45300,0.5018731355667114,0.08562193065881729,7.129232236149985e-05,0.021534442723448847,0.07132468026709703,0.009057274534712806,3.192946819901894,4.579559802306505
45400,0.5018793344497681,0.08688144385814667,7.084111246078516e-05,0.02176166705415163,0.07017599229462822,0.009071044873674966,3.1945948971506444,4.462153453909792
45500,0.5018775463104248,0.08697299659252167,7.243253530616578e-05,0.024115520325940127,0.07323303549221816,0.009068528992592959,3.1729452582651487,4.555279022334588
45600,0.5018858313560486,0.08751840889453888,7.115706150165373e-05,0.02271116474165291,0.07153143921534312,0.009066996320728493,3.196765897126322,4.469435949835514
45700,0.5018689036369324,0.08672209084033966,7.393457004800927e-05,0.02209500614040201,0.07116652156641194,0.009093296006846345,3.1975682137264965,4.5615882013824205
45800,0.5018700361251831,0.08694563060998917,7.132377160829944e-05,0.022872340395268292,0.07209831515316473,0.009058240496752575,3.190906117621277,4.481950023979948
45900,0.5018737316131592,0.08677425235509872,7.173657008016219e-05,0.02331191810563169,0.07132697621594969,0.009049832595476884,3.17633317054244,4.536699098361822
46000,0.5018583536148071,0.0872950553894043,7.248512288144088e-05,0.022069271561265688,0.07168582298513108,0.009059005387496731,3.190966011577387,4.649899327393342
46100,0.5018607974052429,0.08640547096729279,7.139386200262377e-05,0.023118797268408355,0.07149746151201505,0.009051813864233236,3.1862241559331217,4.489736559003148
46200,0.5018829107284546,0.08728895336389542,6.896232711790193e-05,0.022493695020239266,0.07078262348696489,0.009036193726003675,3.1902082677160175,4.591222224182786
46300,0.5018911361694336,0.08467302471399307,6.968603954207657e-05,0.022290226479173555,0.07179854201063536,0.009051876658615059,3.188591165563365,4.719682671407071
46400,0.5018742680549622,0.08777179569005966,7.090607147820247e-05,0.021983443693431283,0.07281023778501619,0.009086814761363887,3.1950696720983163,4.679011930437667
46500,0.5018728375434875,0.08527040481567383,6.987017967407574e-05,0.021935990680312326,0.07093235108164825,0.009062437588264232,3.187266577474798,4.359399000657163
46600,0.5018641948699951,0.08710718154907227,7.053952387954875e-05,0.022323285163613062,0.07053311850689409,0.009049902214093688,3.1840011669578407,4.541878534604933
46700,0.5018644332885742,0.08660173416137695,6.859371709595797e-05,0.02199639147482681,0.07088268496750168,0.00904042812403207,3.1914453864094448,4.544138020214348
46800,0.501893937587738,0.08527135848999023,6.924553920357951e-05,0.02197596472123358,0.07067534780253532,0.009033958476980034,3.185099662380125,4.462813918934074
46900,0.5018676519393921,0.08587408065795898,7.115705119562444e-05,0.02174905358550676,0.07088327248177964,0.009059633643030062,3.1993954633431465,4.620960530934326
47000,0.501848042011261,0.08698759227991104,6.990702211418388e-05,0.022348871932301142,0.07002189347202964,0.009050157890679034,3.191419155670656,4.5033803759522755
47100,0.5018895864486694,0.08591127395629883,7.08005027483544e-05,0.022240569039413502,0.07086029931255124,0.00908118946047306,3.1934250838020155,4.637246207980638
47200,0.5018572807312012,0.0850362777709961,7.009488725131876e-05,0.0228217134515136,0.07265076577460594,0.009040512376718253,3.189038261207623,4.604240337424699
47300,0.501811683177948,0.08705425262451172,7.086070599838329e-05,0.022183917001227765,0.0710702642393257,0.009038017301542831,3.187603269415251,4.384010013141221
47400,0.5018300414085388,0.08563842624425888,7.141995959731766e-05,0.021843513522142952,0.07282944270209069,0.009051725527500741,3.1870332889174775,4.371391655045585
47500,0.5018680095672607,0.08693961799144745,6.927523013128193e-05,0.022728119935887515,0.0725132820283715,0.00903505624827144,3.186222862588265,4.3307730560517825
47600,0.5018561482429504,0.08496685326099396,6.903786399343499e-05,0.021838855037908198,0.0709768072451555,0.009038770816736033,3.1891721171067817,4.81642341680697
47700,0.5018312335014343,0.08766927570104599,7.162854274602782e-05,0.026574868272399917,0.07404939784871044,0.00902908483603804,3.194959632574237,4.97573453292901
47800,0.5018742084503174,0.08696164935827255,6.987907631747881e-05,0.02185831928932704,0.07157921811413655,0.009059448256244315,3.1903243381292787,4.470548311981673
47900,0.5018741488456726,0.08494357764720917,6.830583077471031e-05,0.02260002929010594,0.07091434181771229,0.009041413113644488,3.1854102243188427,4.394716498798118
48000,0.5019142627716064,0.08653030544519424,7.060372208515529e-05,0.02214127499663934,0.07109159476473181,0.009051339774290344,3.188580359336946,4.595480485523581
48100,0.501865565776825,0.08709736168384552,7.007364874626404e-05,0.021935446542491875,0.07069938233337347,0.00905370741060259,3.190421349581667,4.68074999629107
48200,0.5018318295478821,0.08466692268848419,6.91748389191248e-05,0.0224842984797169,0.07179459601931679,0.0090182365638441,3.1800977779704627,4.6931076445087
48300,0.5018796920776367,0.08678903430700302,7.113757055310978e-05,0.022067607186055882,0.07089164215586624,0.00906495656786778,3.1810693657271756,4.537620273264139
48400,0.5019052624702454,0.08589868247509003,6.750108802174662e-05,0.02245104863571445,0.07145493715406208,0.009021851682709255,3.1846532497699904,4.631267261444947
48500,0.5018885135650635,0.0852629691362381,6.757408229304414e-05,0.02258145488460629,0.07042069228810716,0.00904290795818114,3.1900786370206204,4.654105446758564
48600,0.5018735527992249,0.08652124553918839,7.182961600840822e-05,0.022323685352391036,0.07019758532471866,0.009077485071563784,3.183847019732405,4.745249620110485
48700,0.5018694400787354,0.08569574356079102,6.906280413362667e-05,0.022436648659958747,0.07069863558559066,0.009049585649936848,3.184783872427819,4.489406326490979
48800,0.5018234252929688,0.08551788330078125,7.745163200186977e-05,0.027198858311146823,0.07545971625428453,0.009079259855304521,3.1970331323590657,5.016857171020291
48900,0.5018237233161926,0.08485183864831924,6.908764394362754e-05,0.022049095715639053,0.07017742913831722,0.009033089036627391,3.190750014744636,4.530807055118828
49000,0.5018669962882996,0.08609304577112198,7.165411696460472e-05,0.021846237949063572,0.07059445053138214,0.009068744642981448,3.188191843033413,4.660275580538098
49100,0.5018881559371948,0.08606014400720596,7.312177013731002e-05,0.024200874608683615,0.07316682690920764,0.00907225054461159,3.176056494877192,4.462883441568209
49200,0.5018718242645264,0.08641262352466583,7.213091939560948e-05,0.022409740081744678,0.0715438010146346,0.00907723757526418,3.171991527057676,4.4072131922840185
49300,0.5018779039382935,0.08682584762573242,7.16261173738675e-05,0.02229478611734198,0.07072986820277181,0.009106343449414037,3.1865279482473063,4.65702539739226
49400,0.5019126534461975,0.08623895794153214,7.222941698334446e-05,0.022296054528706512,0.06929285890002695,0.009059456528760208,3.168786400790828,4.541270211556252
49500,0.5018553137779236,0.08733968436717987,7.170062454285602e-05,0.022518099243378005,0.07229014752798284,0.009082029572446958,3.1866896326094456,4.547683674555259
49600,0.5018777847290039,0.08685636520385742,7.232222013168683e-05,0.022214476637212443,0.06911766732245125,0.009088345327832115,3.188373946376421,4.617032502105673
49700,0.5018951296806335,0.08585166931152344,7.140523468005042e-05,0.022395839890219527,0.07067892957597992,0.009068315382122131,3.1919253847759537,4.519978904852195
49800,0.501883864402771,0.08661727607250214,7.040213772493212e-05,0.02206364324671884,0.07053621367254219,0.009052776650294402,3.1898576937533165,4.626157347835971
49900,0.5018479228019714,0.08594121783971786,7.325737479004876e-05,0.024044309588162772,0.07301174088601024,0.009091594963912233,3.1831312650792984,4.230330230384169
50000,0.5018720030784607,0.08646783977746964,7.459387078541456e-05,0.02264642386171735,0.07058397759477811,0.00912010251869381,3.1913281735680488,4.626835193518815
50100,0.5018817186355591,0.08582143485546112,7.448286674019093e-05,0.02134688701432265,0.0699456356744937,0.009080948831111458,3.1788955539406616,4.299748580568718
50200,0.501870334148407,0.08563242107629776,7.268927499212013e-05,0.021973716088238157,0.06974477189438587,0.00907864689706958,3.1871644229537344,4.595341440255311
50300,0.5018124580383301,0.08338288962841034,6.7603636471391e-05,0.02222412247950033,0.0707703533180253,0.009042930216512904,3.192157517014528,4.279760823254691
50400,0.5019005537033081,0.08826732635498047,6.881833489470735e-05,0.02232138223393281,0.0711700909575022,0.009024155958228742,3.183380326328194,4.675657463340627
50500,0.5018887519836426,0.0870891585946083,7.288445534179043e-05,0.022441677921860734,0.07216793168880554,0.009095862303846852,3.1836712231826176,4.3908058506279986
50600,0.501856803894043,0.08433208614587784,7.232455929963767e-05,0.02249715427572553,0.0712107503346628,0.009060311682503097,3.1749483273308923,4.26166755772087
50700,0.5018772482872009,0.08605995029211044,6.936397627482314e-05,0.02287808883460671,0.07186731162997263,0.009002789940797349,3.1649869920107485,4.350639148756073
50800,0.5018072724342346,0.0860622376203537,7.236256222436838e-05,0.0246362867166155,0.07162456835013983,0.009001984472692922,3.1777121082418636,4.756825138694097
50900,0.5018660426139832,0.08511658012866974,7.466475396885752e-05,0.022533541799040022,0.07218108133016332,0.009087954632892213,3.176414114152282,4.228679067823464
51000,0.50190669298172,0.0865572914481163,6.87803094025126e-05,0.02199549143084921,0.07090997755596665,0.009035357066750615,3.1917531996020077,4.708993566408708
51100,0.5018863081932068,0.08871527016162872,7.42693236301909e-05,0.02209903477222303,0.07084966162616019,0.009100569776007128,3.1812580804434583,4.461614653495218
51200,0.5019277334213257,0.08770580589771271,6.979020963835299e-05,0.02179051485099135,0.07099592565930202,0.009039100529899362,3.1792479288471323,4.647309609271787
51300,0.5018568634986877,0.08560009300708771,7.47050933230604e-05,0.022494395051316875,0.07193427845895235,0.009091943063785508,3.180186820229556,4.3345794202707
51400,0.5018256902694702,0.08510847389698029,7.542766945823134e-05,0.02310828570790035,0.07222520487529917,0.009076793351368484,3.1667813622124257,4.236917499968541
51500,0.501833975315094,0.08702478557825089,6.962721437160258e-05,0.021915630662192157,0.0704924598271883,0.009039267239338948,3.1770846985340073,4.614008267520774
51600,0.5018547177314758,0.08622169494628906,7.280245893574463e-05,0.022138884397886555,0.0706214939916061,0.009068943837040776,3.181255457865719,4.400260928870438
51700,0.5017755627632141,0.08541498333215714,7.194113895532798e-05,0.022970810864914128,0.07302268337528238,0.009045933940226712,3.1898536607786188,4.4337186965482545
51800,0.5018497705459595,0.08459977805614471,7.027044985646853e-05,0.022563183917039948,0.0708382613845162,0.009039229502841835,3.183546080690129,4.619587458910161
51900,0.5018595457077026,0.08404874801635742,6.989204772371437e-05,0.02257993084962502,0.07078029399054897,0.009074828467338526,3.174120250318236,4.498513791562772
52000,0.5018261671066284,0.08480663597583771,6.944531016534775e-05,0.021391838022813654,0.07029158783746611,0.009030078985237857,3.1853147899732464,4.593707658353139
52100,0.501888632774353,0.08520202338695526,6.982632947617612e-05,0.021279763390672,0.06995918668300793,0.009034946377528668,3.1886155135193843,4.576483425746005
52200,0.5018519163131714,0.08689842373132706,6.913181879671023e-05,0.021837283178276122,0.06965201278449318,0.00904202775583246,3.186307286548728,4.780184743763698
52300,0.5018435716629028,0.08579301834106445,6.936477221028776e-05,0.021474155640521877,0.06998407296212834,0.009025421766200394,3.1858039467933423,4.67939430492541
52400,0.5018573999404907,0.08581018447875977,6.785431140222305e-05,0.022004910617638027,0.06987257131595291,0.009022121699741315,3.1790378670460995,4.357782599413497
52500,0.5018462538719177,0.08605537563562393,7.136582857784148e-05,0.021949691627774527,0.07173392701325006,0.00905020549203243,3.1835002852632073,4.436482221255176
52600,0.5018427968025208,0.08406782150268555,7.067574246910722e-05,0.02155794229995248,0.07059137975129236,0.0090310497587859,3.1770310860467723,4.646197247125599
52700,0.5018701553344727,0.08502312004566193,7.098761311187249e-05,0.021796601609202042,0.07011469434218776,0.009079303317828318,3.1899603763129476,4.549386979091594
52800,0.5018193125724792,0.08534488826990128,7.85115261349177e-05,0.02302240359097832,0.0740043217211921,0.009096520729381238,3.1920955514751292,4.3207444160777015
52900,0.5018954277038574,0.08623351901769638,8.12792457842161e-05,0.023949719336624663,0.07473676976609636,0.009113553085325046,3.179719880797729,4.511236433609611
53000,0.5018407106399536,0.08562202751636505,7.380500066608439e-05,0.022270316399304328,0.07122740046507388,0.009068469903771307,3.1827368102102773,4.48022933878508
53100,0.5018814206123352,0.08549356460571289,7.599830589386719e-05,0.024400043746124925,0.07361586656827629,0.009078796956847901,3.1892094837266654,4.656782068172788
53200,0.5018455982208252,0.08544301986694336,7.168820370319644e-05,0.02410611645112263,0.07273345136283227,0.009040826386563337,3.1730700173222663,4.608429076131358
53300,0.5018253922462463,0.08635034412145615,6.99622127542125e-05,0.022188617670454592,0.07183534179550001,0.009040033199849784,3.174828155529888,4.387016867067587
53400,0.5018831491470337,0.08687543869018555,7.032695981304532e-05,0.02187686467738216,0.07052276448373272,0.009039627435395275,3.193271628354752,4.685564438704972
53500,0.5018969178199768,0.08498220145702362,7.003621772666309e-05,0.02176477386514062,0.07071046906491248,0.009031200157500117,3.177881525337692,4.617293211983679
53600,0.5018504858016968,0.08460988849401474,7.117700628504648e-05,0.02118479702545061,0.07032222565720318,0.009046714739931402,3.1921586428863935,4.431876346743678
53700,0.5018445253372192,0.08547744899988174,7.000312900929142e-05,0.02278500295422721,0.07071740561173973,0.009040204545056966,3.1825838388904417,4.617275831325145
53800,0.5018492937088013,0.0857212096452713,6.99071320150927e-05,0.02193399372101964,0.07123251302016224,0.009042999060111813,3.1833159330988736,4.434552968157902
53900,0.5018706321716309,0.08553123474121094,7.010962681843753e-05,0.022728712299500065,0.07228397511625677,0.009032467288013064,3.1841362625734106,4.803579110150395
54000,0.5018949508666992,0.08627881854772568,7.002656962841607e-05,0.022533886539293058,0.07224761162353129,0.009052240176924164,3.1932915970821143,4.684087082729576
54100,0.5018918514251709,0.08559723198413849,7.634719967341918e-05,0.02657410368249251,0.07654676847498045,0.009017665616743175,3.177091023839717,5.013502703923223
54200,0.5018845200538635,0.08615827560424805,7.435099756029184e-05,0.023213046243955093,0.07286274490277099,0.009073684657423205,3.186413967477039,4.524341450144192
54300,0.5019024014472961,0.08675374835729599,7.179841193685007e-05,0.022714260978586743,0.07089762746603116,0.009054422470737938,3.176131932866142,4.544694201287427
54400,0.5018746852874756,0.08550357818603516,7.263537854516381e-05,0.02189803403171716,0.06987836789826053,0.00906146660208397,3.178394133832326,4.64303396727243
54500,0.5018986463546753,0.08491621166467667,7.354092548711402e-05,0.022050249728645496,0.07059951916551475,0.009067106759107815,3.1804614937538283,4.407734612040031
54600,0.5018472075462341,0.08643808215856552,7.395324017732249e-05,0.022812817106879563,0.07124956416043882,0.009117264234958646,3.1787839145278114,4.4451030278879955
54700,0.501788854598999,0.08534403145313263,7.355527919488269e-05,0.02315698352659539,0.07217646636777411,0.009057182821959482,3.1759559739990193,4.437351254181863
54800,0.5018330812454224,0.08544006198644638,7.184406843771516e-05,0.02179712061780903,0.07078031366420261,0.009047469284307106,3.1845045548387674,4.521056505681287
54900,0.5018306970596313,0.08375959098339081,6.9048782817339e-05,0.021454097320933365,0.07062186448218877,0.00902350795356789,3.184171742815622,4.545563234214143
55000,0.5018633604049683,0.08590994030237198,7.148672107683819e-05,0.021825023475251244,0.07069304455350996,0.009052651397061386,3.1791774853230774,4.626522341665208
55100,0.5018807649612427,0.08214692771434784,6.865135903874266e-05,0.021686340020770852,0.07027507137604555,0.00902531579743455,3.1870769123138327,4.893524018063488
55200,0.5018323659896851,0.08569498360157013,7.423441014824074e-05,0.023217804260427154,0.07190462592060617,0.009068340898444814,3.1826792031601747,4.464204371616802
55300,0.501874566078186,0.08518638461828232,7.215289696276431e-05,0.022162429590996503,0.07087454585743479,0.009057222944123283,3.1788077990874313,4.497523094026349
55400,0.5018623471260071,0.085645392537117,6.964029468096746e-05,0.0215982310606091,0.0714951397958736,0.009030428148527218,3.1869893163903726,4.739653048062564
55500,0.5018370151519775,0.08532371371984482,6.934103923249037e-05,0.021303094616857893,0.06999025285076961,0.009015099332947639,3.1832910499707814,4.627373993933361
55600,0.5018255710601807,0.08480663597583771,7.05548271935137e-05,0.021292238874247634,0.07065660855450498,0.009045983799444603,3.189166894180577,4.658068236904285
55700,0.5018770694732666,0.08562421798706055,7.050287257912316e-05,0.022428806335196665,0.07081883131403269,0.009027468285292373,3.1751681147070827,4.630971790249873
55800,0.5018617510795593,0.08624239265918732,7.006595344292143e-05,0.022232770245741076,0.07081189960641883,0.009022121892425499,3.1781551054232393,4.7564080028892874
55900,0.501791775226593,0.08815173804759979,8.230490022388193e-05,0.024659088315842126,0.07541795583634428,0.009066683899396695,3.1510988490549052,4.844788651534344
56000,0.5018423795700073,0.0850067138671875,7.12441498003476e-05,0.022432809994128066,0.07146781484473097,0.009047940926854571,3.1903560833597093,4.5655683721867035
56100,0.5018172860145569,0.0844658836722374,7.145481847654274e-05,0.02218839611485842,0.07119388517288107,0.009058305191461002,3.180620076099201,4.596575467011235
56200,0.5018238425254822,0.08552084118127823,6.984610665430844e-05,0.021757469186180562,0.07132602913507459,0.009017966619559925,3.181320154184104,4.568644748747204
56300,0.5018405318260193,0.08661870658397675,6.987995634134074e-05,0.021725031151012694,0.07104812885691102,0.009024416238571233,3.1807355559567343,4.758511062571898
56400,0.5018226504325867,0.08387813717126846,7.305124330208397e-05,0.02209225740793296,0.07075222724081522,0.009042984464373138,3.176812054206613,4.367898142680247
56500,0.5018326640129089,0.08485002815723419,7.341689544141793e-05,0.02199213555773934,0.07228309161881322,0.009061279916472235,3.1816086946477293,4.55230692972529
56600,0.5018282532691956,0.08623428642749786,7.349614046612882e-05,0.022490114362837293,0.07151566405916257,0.009052893704548868,3.174385504103186,4.553106440017871
56700,0.5017987489700317,0.0854865089058876,7.215824467420335e-05,0.02228938747163388,0.07017129223030823,0.009035447651478533,3.182195963781257,4.4520379106430426
56800,0.5018247365951538,0.08380194008350372,7.146438061146591e-05,0.02204318694041795,0.0703948803677076,0.00903231375276544,3.178989375003577,4.365291043900157
56900,0.5018455982208252,0.0848531723022461,7.324131058228503e-05,0.02325020739242225,0.07234342727872758,0.009053786250704915,3.1845125428454275,4.576309619160668
57000,0.5018197298049927,0.0867798775434494,7.195765149039966e-05,0.021349500964017745,0.07002626258918693,0.009043266416220323,3.186221268140104,4.598921855913318
57100,0.5018574595451355,0.08443603664636612,6.861351740303206e-05,0.02215121692586616,0.07147098469190138,0.009010360383217111,3.177660663281911,4.691682430508905
57200,0.501808226108551,0.08356847614049911,7.458280371213988e-05,0.024480328723755284,0.0728461532208524,0.009075519609828704,3.159845505977733,4.375563013093739
57300,0.501844584941864,0.08687810599803925,7.575330268505678e-05,0.021954584367800855,0.07299695826275644,0.009110089184206855,3.1921837879503876,4.536438388483816
57400,0.5017948150634766,0.08416423946619034,7.438250143197028e-05,0.022714503062186475,0.07329227251707839,0.009056862060091389,3.171379559822786,4.534874129215751
57500,0.5018167495727539,0.08480100333690643,6.97913306644953e-05,0.022062478183360826,0.0707003581761217,0.009024901551560875,3.174272232080524,4.6064129197414445
57600,0.5018366575241089,0.08619213104248047,6.912568048434404e-05,0.021622483319547782,0.07037069329684636,0.009024154513966397,3.1838569305350193,4.691317436679697
57700,0.501814067363739,0.08537407219409943,6.942564512749349e-05,0.0218480598799507,0.07049419225340543,0.009019799250365826,3.180250387887524,4.659180599050472
57800,0.5018299221992493,0.0859769806265831,6.804766304699088e-05,0.02215637198160459,0.07047568056208037,0.009007205847745664,3.1801741106325307,4.781540435129358
57900,0.5018460750579834,0.08407821506261826,6.908355619113533e-05,0.021700766391894902,0.07116954285498725,0.009015017337564855,3.179563741368789,4.657929191636015
58000,0.5018336772918701,0.0845663994550705,7.021910619564674e-05,0.02142956214075553,0.07039223522787978,0.0090281905008407,3.1875866300669844,4.717388424480589
58100,0.5018385052680969,0.08335838466882706,7.015202474143873e-05,0.021627808615527662,0.07105659066394647,0.009010504814118858,3.1766734943948367,4.569687588259228
58200,0.501854419708252,0.08562612533569336,7.15072427087195e-05,0.02165102657211925,0.07063766064069088,0.009041363972588506,3.1898277092610923,4.5218733966323725
58300,0.5018949508666992,0.0860995277762413,7.443672987139661e-05,0.023044170566037168,0.07298477616248253,0.009074496994026241,3.1888103827954644,5.061473321476882
58400,0.5018438100814819,0.08573102951049805,7.383034869367505e-05,0.022115128210000643,0.07030269394848342,0.009075177232292344,3.190765612509202,4.526600935753606
58500,0.5018511414527893,0.08550234138965607,7.455799523069514e-05,0.021718286451328478,0.07112787488146181,0.0090765753231058,3.1735404057428487,4.6817580744860265
58600,0.5018649101257324,0.08365583419799805,7.125246508107734e-05,0.021585523587967642,0.07054101673592812,0.009049624164770996,3.1848712550588267,4.6835830436320975
58700,0.5018650889396667,0.08546552807092667,6.991672280583253e-05,0.022400497916125566,0.07168609771385887,0.009024689485407272,3.173334658253219,4.749803352646381
58800,0.5018712878227234,0.08533201366662979,7.09037376907612e-05,0.021761981107907967,0.07106624994483261,0.009030555000658148,3.1805325261575907,4.640392107175273
58900,0.5018129348754883,0.08528423309326172,7.014560076138015e-05,0.022200847691607302,0.07182640312430674,0.009056956906191644,3.1933335858799405,4.936558528593508
59000,0.5018479228019714,0.08562164008617401,6.922740450824891e-05,0.02193837296758556,0.07004877909454979,0.009026022608409054,3.177470907727941,4.5679669030643595
59100,0.5018615126609802,0.08586826175451279,7.10225251199606e-05,0.02169249603706404,0.07054252367076048,0.009057733805445826,3.18978003204792,4.834412398389588
59200,0.5018396377563477,0.08527841418981552,7.029684807726424e-05,0.0216405133262286,0.07005892617620722,0.009044601380154416,3.186441026317233,4.546171557262824
59300,0.5018653273582458,0.0851036086678505,7.055884880648239e-05,0.022157619583119858,0.07007205195059692,0.009007278770562342,3.1741471489191944,4.731484138551622
59400,0.5018254518508911,0.08598794788122177,6.924744515693934e-05,0.022792054473339037,0.07103358317560285,0.009003524649060011,3.175832367447251,4.526305464558533
59500,0.50184565782547,0.08590564876794815,7.022415286532098e-05,0.02170491234969309,0.07085789172032235,0.009047431434917829,3.189539196740921,4.5326841662405
59600,0.5018511414527893,0.08363513648509979,7.139577930321757e-05,0.02171729160418912,0.07162750067933844,0.00903117413246549,3.1854570089005647,4.586842298232227
59700,0.5017921924591064,0.0860147476196289,6.795417550658224e-05,0.02280579401078241,0.07059921763817079,0.008999626612134394,3.177924200451082,4.863316433531509
59800,0.5018449425697327,0.0842280387878418,6.936254863665135e-05,0.022010508925041278,0.07148947005010811,0.009011539661715,3.171934989316059,4.578082446331109
59900,0.5018572211265564,0.08599243313074112,7.189290487538623e-05,0.021631057926374143,0.07081999626697384,0.009019045211093889,3.1806313740933705,4.734369327868251
60000,0.5018526315689087,0.08462123572826385,6.861694494037758e-05,0.022053462514436437,0.07032002905313299,0.008994219093458017,3.1702444234814426,4.572190403088115
